rainfall,temperature,fertilizer,soil_quality,crop_yield
637.0861069626262,18.702658576772393,89.2558525603859,0.7708920959462285,8.379257276815638
1155.6428757689246,25.838018947567164,87.04681986079997,0.8576769780339606,15.134197560081576
958.7945476302646,32.45891671752817,185.9381870781555,0.4753275291547493,11.172340652116327
838.792635777333,29.644497728191226,87.43192997742591,0.7374118697248992,10.760772836998324
440.41677639819284,31.131222957228996,90.79245891929466,0.7002221882006241,5.511321416096981
440.3950683025824,28.175667334214346,163.90973936269455,0.8829812637517898,8.596564662321923
352.2752509513795,28.84553129035705,117.460976367581,0.9342609423368824,6.423907042166929
1079.5585311974417,31.983913031306386,166.5065835432772,0.30850974003417075,11.428069998089885
841.0035105688879,19.993360177183717,59.80492363465778,0.7718139433411548,9.701477496014128
937.2653200164409,24.788499272862808,123.13567905100764,0.3362850593838103,12.584727017033268
318.5260448662222,19.424188836392045,55.0420400274924,0.6842010655541491,4.051708038702168
1172.918866945795,34.75336015993294,59.39798051830318,0.5013429103305747,8.955448916043128
1049.1983767203797,33.88118679373227,185.96561800166165,0.5147436196654989,10.824136392961416
491.10519961044855,15.788536227370118,70.88680566763927,0.5470709524166496,3.484499868409418
463.64247048639055,29.11150345031377,129.86310234128257,0.734904714334727,7.199707189288617
465.06405886809046,33.50496634831332,111.66434039010599,0.5338349759681384,4.722888676043941
573.8180186635839,18.611506902546672,102.10149893882641,0.8128893354131963,6.864238123964956
772.280788469014,26.358904611052587,184.97500185309087,0.5831691699017088,12.120097555781859
688.7505167779042,33.30976595176084,53.27350951632342,0.347847240216971,4.462666734579429
562.1062261782376,15.678919571715976,149.56845292633835,0.8486318897388749,5.714867008817101
850.6676052501415,28.9484053449368,194.50916513203256,0.5000308272148941,13.105082000414571
425.5444745868376,20.946980147451015,134.02522751927629,0.6029368157194839,7.578288475657037
562.9301836816963,33.48792390753061,190.52336930496378,0.7798107182553311,7.886359102439435
629.7256589643225,34.42116490330736,57.838681892903566,0.5327193100040983,4.342622713710944
710.4629857953323,33.88532978226868,112.81899786112422,0.33960995930270094,5.540940552532489
1006.6583652537122,24.484284333149276,89.02366864430768,0.5617447329089695,12.791853746625673
479.70640394252376,32.24085301978627,159.62314474710945,0.9611140078860123,6.900157762873322
762.8109945722504,31.890987970701406,197.194563574587,0.7492140781089907,11.36143106483417
833.1731119758382,21.382009464865114,88.47950936663717,0.7700354040670447,10.388505016395778
341.80537144799797,31.57830948301355,148.1261902211112,0.7425975075463478,6.148913595974156
846.7903667112945,15.740152694309852,79.71464491396102,0.43929449727160574,7.100023888754909
453.47171131856237,26.92539756964106,134.79953818574148,0.592833704871596,9.145827597442704
358.5464336867516,19.600176745754062,119.58987300325043,0.8256578588543226,5.965829659471662
1153.9969835279999,17.411337715545578,195.80079944473056,0.3709610282872114,13.674679197164066
1169.0688297671036,16.539064032584182,141.27909090446997,0.4944969432627986,13.06671804831992
1027.557613304815,28.925775517562794,102.42595581302282,0.49342337592609753,12.231535491979182
574.1523922560336,21.797499275361325,67.11436773319001,0.6024132493161541,7.008317107524704
387.90490260574546,29.49533543057523,72.68702431024019,0.9862581186595294,5.354898700958184
915.8097238609412,16.307126815978847,83.79753949268526,0.34725178267867535,8.106605398577432
696.1372443656412,21.305806756612206,87.6449992010447,0.6630906960664165,8.416525529806245
409.8344113603009,25.789825847506744,177.5924086761707,0.42555527740854726,8.28395207200507
745.6592191001432,30.814463296779273,134.18341824237874,0.9794735817868208,10.627465141462464
330.94966900369656,21.3750500586414,128.50863670615496,0.3793124533092249,6.073868995325686
1118.3883618709037,27.51782752874018,67.21533078038263,0.5825207016531138,13.58898129649091
532.9019834400152,32.71955496472374,179.02095400241524,0.8165194893842243,7.674046378447785
896.2700559185838,27.31726376364609,158.42214548127257,0.7931880996192117,14.08846700719105
580.5399684804698,19.659189495072674,60.15025428500024,0.5959100458257525,6.297853829309705
768.0612190600298,15.48801563113076,156.1752645844653,0.5425669175669028,7.026861416513508
792.0392514089517,32.401977478018594,131.5307326013969,0.5783286649870094,8.581871244201334
466.36900997297437,15.425388217007743,62.25880186201674,0.4849933842110475,2.710289271572771
1172.6261649881026,32.49403345368399,118.74509622929847,0.44373305709475985,12.63080211260731
997.6195410250031,25.578742680544238,122.70444306950705,0.638127788291223,13.915405353367696
1145.54904740777,33.781353970257925,74.86618102449137,0.4879736292473251,10.66489930895891
1105.344615384884,30.975664715473307,191.85472205004234,0.501223165428075,13.518538052430014
838.1099809299766,34.95868221066675,177.4963057220993,0.7597292444321899,9.325328899729179
1129.6868115208051,22.014236309034203,150.35335059936625,0.9779761321899245,16.57576746151687
379.64325184672754,30.34376577862254,119.34433415009109,0.7225460403915624,6.568430646036228
476.38457617723066,23.03861827218484,111.76483123767628,0.3538856269454764,8.405462180691956
340.70456001948423,24.597512406078177,147.64602007264313,0.35290852969784686,6.229371644041463
592.7972976869379,27.5501092643674,131.81478041103583,0.9659962545918961,9.908884163131939
649.8095607205338,32.47354228372677,59.340965882282845,0.5081035532151335,5.5407785876076865
544.2141285965063,34.681669383985906,126.87539731554975,0.3644468902577328,4.382546571629693
1045.8637582367364,30.365468277290365,170.96054258492592,0.719331211005267,13.352027994544882
621.0779940242303,23.355335643346677,118.88598163954372,0.7365541448031863,10.305109395006
552.8410587186427,23.427140045541403,57.79348663314026,0.7539533740830817,8.753760718196776
788.4264748424237,29.75164603177783,167.94172990760495,0.4871814195002789,11.436156635053393
426.8318024772864,19.775542915366046,80.20456732039617,0.3105774789501325,5.270692249452706
1021.9772826786357,17.209482262627894,88.79312523320581,0.9755107586181302,10.41811184742089
367.09557931179376,22.09244315281553,74.70595301484438,0.4756251319837717,5.270205293339223
1188.1982429404657,20.744779833081637,99.53225973072463,0.7732184016367831,15.138528946493613
995.0202923669917,20.9261624091198,163.51272585329525,0.7946409089150966,14.369606124675254
478.8441133807552,19.672155020998197,127.9078789255906,0.72700519195564,7.361802730528135
304.96990541124217,15.841863792727239,80.73219112260688,0.5190351759495537,1.2998855160327054
1033.9152856093506,15.357478694668277,181.67451172280613,0.489767377634846,9.290363053074822
936.1716094628554,34.75444779472063,181.93727824272938,0.7183677978918921,9.144308456928194
956.1064512368886,23.555462674717248,180.58676375690104,0.906266943528184,15.836708813926382
994.1433120173511,22.686532943193633,85.81943170723089,0.9627136102463769,12.675414698163236
366.64018656068134,28.5929456538614,117.68590162714821,0.3741340630826303,6.217665011345503
622.6191556898453,19.365077757301282,197.74844842113126,0.40838002881840385,9.914025135492448
404.2821535726167,33.99922367900451,165.80187144649855,0.9613153811481556,4.604727051713533
1076.7930832880343,30.726900288311043,54.07511318383397,0.8155746598343547,11.933068308003417
860.9683141448021,16.78822004624519,59.780688689073806,0.9180956773808411,8.73877953830204
597.8082223673842,23.35161551569857,119.58970652184992,0.44184284389474016,9.123953132449662
357.2025152574213,32.58236615124329,186.383030879234,0.7113101097765813,7.281893694969439
579.884089544096,33.8946404458282,130.80526969290713,0.7907977160922315,5.206510659016321
592.6649898240723,24.348030224997395,124.67187620514353,0.7760783198128809,10.48035509753545
956.6455605042577,27.268227784214154,65.82105499349458,0.5857061836066886,11.710645339373562
873.8017242196918,18.340678921841505,148.51701570864412,0.31077642418391593,10.49854262105567
1098.491468318694,34.82337252273953,173.31547409003383,0.7080482397629841,11.263041834337505
724.9934326457544,19.63343402766887,107.06300112613435,0.4771710774257261,8.538956888507569
407.63482134447156,33.85463548270251,166.3417776387991,0.6151779723000232,4.827809430473697
941.9203085006955,27.992932979847367,194.67149808512175,0.970306710558672,13.876413351034689
984.7065437552077,27.154735897577183,80.56496886915336,0.5793247223497042,12.686493670504863
805.1494778125466,25.25377022033017,128.4994446792112,0.8878611246650987,12.54306518779883
993.8704619591049,19.61339623435517,93.07069371268634,0.4319784240244758,11.532630419812325
744.4160367279517,18.530560640110167,168.9281628550759,0.7707223486175201,10.800545202595062
770.4595464437946,19.409724181403508,136.63900488217362,0.9839048681072604,11.02643603200156
684.7869165226946,18.72876524288509,145.18736263254556,0.37132517061105574,8.601892200056799
322.8772140696857,30.591689471335066,169.68712394238412,0.3058239595590344,5.23027881313999
397.102284293974,22.002505183334602,109.39557089936824,0.6035079548428299,6.560591029991443
328.28626711806083,16.156853531267927,187.2635102610565,0.36483783813595705,4.441113889389891
872.7693701374023,34.38205260281623,129.954330086921,0.8238690447733619,9.29154054341162
582.920382968694,32.67571769926852,73.6932234253022,0.9401840646939912,6.118549099481739
757.7136220482325,33.55504566390426,154.38486772532036,0.6038146808961311,8.236023994833278
1116.8098265334838,34.8981564529287,168.98920256573817,0.48109814950880864,10.159096369837629
524.3630062339874,18.477904984389745,97.514251560129,0.6040823233046269,6.8615719931530235
669.3446307320668,22.924840378053176,178.57688854981294,0.8064134724950007,11.995205062324892
979.9960246887438,30.164769514081826,185.92148821486495,0.3063379131062597,13.76793234894968
505.9183489424602,28.920412361075844,91.53567310667134,0.712617792639288,7.107489344202923
369.2819188459137,18.0779181267971,197.5282209072833,0.7293041794211653,6.517227142971818
560.7763076223912,31.316662499812356,71.10672920731376,0.7463817728271548,6.643372910460499
445.099158528604,19.488811436733215,80.30235026037349,0.46941545598661405,5.800454302335493
1136.7278871083158,19.47635229645246,77.63372588570391,0.7998369063646886,12.886259185107498
1027.3083416079753,25.73948845786827,184.09845650118055,0.36397404043224346,14.21917792277498
870.0633808593811,26.858798696834064,148.14388284874428,0.43948923552676056,12.810437071316404
1084.314531168946,26.601724156756223,72.81564248334092,0.9142290326581373,14.360207894228523
1023.304869209203,16.829736747955096,116.04851275525235,0.8171062055085965,10.392434227546639
467.91305299743226,32.549217252607605,142.2947037604703,0.30962188780794164,5.9724557249989445
1103.30309864098,20.312000851774123,62.519612748407496,0.47386338225886016,12.717382559805642
785.4080177240857,17.590298425656083,182.36245526110082,0.4500845380952152,9.723462736235463
1026.6961396476563,32.774961597379544,170.54053031623027,0.48956442962588076,11.674198401204617
1106.4821699311437,34.11302996459507,125.78101603649573,0.47329183919592044,10.651688827210766
586.2031274746776,32.24255234530901,195.06899228887556,0.343768407019992,7.397368175709091
399.0467320749091,31.19032149449756,112.66414689126495,0.6212583616177743,5.585278711130054
505.1416462877475,28.104839612780435,197.61654785547466,0.8129134323503155,9.071381061328482
684.3970097636306,26.017147412182787,150.18799982054406,0.7247122073022054,11.683652888497559
1036.2132893302437,16.739735198228203,145.20069098809122,0.7710101680186559,10.61582170811114
1074.657524930709,23.169064261413972,74.89323429436774,0.3568044249753674,13.542142415418102
306.2569174780716,22.45377034024628,182.28916374569658,0.966043497123751,8.151215122948447
759.6725723198092,20.195075675206525,114.12345318809227,0.8869442836901174,10.392884975024982
675.6699028339011,29.468402273771698,74.3350108673719,0.8635632229469639,8.658327794525722
499.8970294236572,24.917514701575417,51.891127996363856,0.8760886635292371,7.644610553038476
407.87883060031453,16.62092431815296,133.9633525457574,0.952897355692933,5.862670276772155
603.8536542632652,19.403664038996226,129.10994331840146,0.6809777762795883,7.172837823871117
1148.6187335212671,28.66517527319192,157.90304335537377,0.4401974125073381,15.491450231218042
590.8826388186797,16.522617189806002,183.5387079526703,0.7317485254967788,7.61880837325598
766.9115595690295,32.02413828097538,61.91098769645443,0.8200170455675573,7.4769326873127016
932.7170630056601,24.902930540279485,159.72447355105436,0.8165421753478177,13.616617131248185
627.2666421413646,24.61173154653296,78.11179161463733,0.6650143169168161,9.99558978154624
1174.6038744488646,26.84815569319035,178.7265579735746,0.34792110353350464,15.372874697742187
1166.2025654479003,31.493619318502983,172.8595270792484,0.5597790569010894,13.553744461886412
526.6040662428277,21.95618415804386,131.11906324783166,0.9445366259243502,9.88291170642882
747.5236553031468,28.56032305118127,156.53641979349675,0.7091142368301981,11.559674849266122
570.7904788350927,26.314639279915824,97.15251697756226,0.6768323602789994,8.449243238377093
556.3564449397209,20.340565403388425,120.6751848399222,0.48819746006753545,7.976259016027989
333.19825261907954,32.57259972710316,173.24553465657075,0.5579142439416052,4.532632034039139
848.6079005819072,30.94852043213856,118.88977957598209,0.9267422624072184,11.498525054785958
752.4111209059754,28.169036693168508,103.66973979881627,0.7665241332687849,11.159100075877797
346.3308761249904,32.011634581884834,124.13186708754499,0.851170918726633,5.456140064370875
550.7818178129503,32.34588401919605,174.23738786558278,0.6180417961473585,7.71137945718539
1117.4392973699883,29.167259534300698,100.28120710563091,0.7411730536193105,14.674654684173806
515.6057016002752,31.74026656727344,76.06423897036157,0.4738685261202452,5.353362341449382
430.40538488210075,28.949429233385672,156.80210304961713,0.7938225811984403,7.6569044460237645
740.5074842498068,28.602815435206008,173.89673190621227,0.5993209335923361,11.657374351215207
1187.0854086995405,27.372227564303685,65.09562177853,0.6097818603703219,15.153980587233097
517.8497443603503,30.054332791152824,85.9811169133917,0.7545256272038171,6.622477291499911
904.9219926652906,18.172102105861473,71.29579846414909,0.9553964350282487,9.874187900006326
985.4576537958458,32.617415183978565,102.19121173732499,0.3448044426260346,9.894981972752392
513.8737895931597,32.436870554904644,117.5526468358119,0.8773202661429054,6.452126757910391
955.3947137506736,15.584945660691183,162.32395054449597,0.5046681772885352,8.886448302178179
631.0048194473279,31.516335011295254,147.67213773225112,0.6107436181544644,8.92277601457085
869.0752475342215,17.577397349468903,143.13928512176466,0.31533933014250626,10.589485693687587
870.1767396848053,21.70237708518284,102.85624199144816,0.5107322544840192,11.334706630740646
782.1972156672826,29.870165125832155,176.217132962714,0.6518418698410913,11.012038993097704
381.26079304896746,18.215197920966165,120.69307510972469,0.3393232541432073,3.828958715860753
1051.7722460303141,31.359340482381242,196.86574070227317,0.6437670105682156,13.849498717552981
588.7020584745623,31.64268355915484,145.12132074436053,0.948977440200899,9.033078308339459
467.8666593598688,25.149354675216724,68.93971123467541,0.37377525267546363,7.041479855940359
336.6976273992875,15.127717434336672,151.4266343113151,0.835108509652853,3.1914259062504504
831.8036488694177,20.740762663498256,98.76560231475484,0.5867697373631948,10.265197049388485
909.8079256580542,27.338538367514843,152.94907950291463,0.7586216001670365,12.854784145796915
314.92904603507054,34.62372356054847,60.446172224360865,0.48216561858966056,1.109118046686899
760.8837524693529,27.636270540333367,76.23221557639391,0.4116445837789508,10.06616069638062
503.84619767814416,20.196071621283195,178.36058883586796,0.4123238299898585,7.503570126741118
880.6555113685049,27.680114061992228,84.07693355352723,0.34934436195020124,11.622551428481913
456.92978610449234,25.79970759431711,175.556168786441,0.42995269343087006,9.195385622262062
921.8439642922193,30.596907903022874,91.89141326816156,0.7649535694922778,11.719703466096883
648.0618116704836,17.139612776539167,146.43228650880616,0.9171834282904556,7.483282464081999
1143.056989863061,30.22055805004056,154.12258602647466,0.8698879799138133,14.207174183587846
423.7688497313939,25.825331573522206,126.89821297175794,0.7795940169121388,8.226297525377095
606.9597159452326,34.25984007717989,95.7966015045097,0.37730230438777185,4.70429409901832
402.12616911653015,21.837443320773723,81.89665645566441,0.5024312124071648,7.062149419090465
1132.2242564507064,27.652437862678962,54.978403184363934,0.5168648127257283,13.456808379784718
1089.6054180428828,33.64056211020035,95.59196018610857,0.47496986247833484,9.903526791690158
532.14746494364,17.050194559813583,147.97441857969244,0.6605039617968061,5.928816013950038
893.9856414307611,33.74456974472902,190.7457227672724,0.6748876704157707,10.896171495822667
1035.499980181094,28.757714446016266,180.6806723394578,0.549820182619777,13.879880008074327
799.6807304395161,16.356741182103438,164.9097164802954,0.5476524111155052,9.469244583960906
776.6855205204058,21.019271338936324,168.2671014879948,0.8799889185342569,11.957672713578525
517.6670618104065,29.16344177290563,149.7477355213993,0.8525049938237799,9.805213982669757
383.7924910253093,16.347012029375435,89.04302863490045,0.5154570821765219,3.2454552513451134
1107.4941821579941,26.643409203525465,186.07925460587447,0.9396519107112815,16.472293299887156
1110.3762514469975,21.917661139059135,150.6098467858751,0.9669705119017542,15.315161645394614
869.7913115459412,27.41831035534954,134.066094647066,0.5287197794210285,11.97380937983021
605.1268119438306,15.914840676250257,66.64842038202215,0.5480974641551384,4.567583804680799
614.2886171513949,32.430736123047524,117.05833157096382,0.6539439073953712,7.069726899314657
953.3601109832155,34.46977938354794,119.05374068028894,0.9587845687735714,9.051503278297245
1107.3992339573194,34.377557105713834,179.6845414284005,0.9134236031996181,12.014785805835425
1098.3777818386056,29.993036634858495,131.99723302816827,0.37179757380851286,13.16008539957407
1001.8879912718614,17.60172480261264,107.06008234556145,0.5749115202899913,9.508813758188571
877.828481538859,30.16526391858045,196.5200492765989,0.6873598328248403,12.978491956535144
375.72596849554395,15.49173832917603,66.60808899894735,0.652192730786078,1.3835943141051272
445.4658426851524,15.442471030579945,113.38226424679169,0.43570414755582487,2.449727805230956
1108.6987696743713,21.472204382990824,56.30370127571079,0.9011717398177082,12.549465932568534
845.7861536936309,24.772863808093316,160.98561811503956,0.7738585480977861,12.325765204015035
308.2773464549667,30.408148356155863,187.7114828298726,0.8865358623962625,6.469947662273932
391.3243885794289,28.665907532130106,92.0055994325734,0.9011349955446304,6.529171485013361
897.1515921972502,23.918054127534965,178.75125151986813,0.8238490975660178,15.112338372717979
304.5554254615968,20.472533325633318,93.83273456928467,0.6074474208748021,4.849266225428619
444.7272462757488,34.94249000315422,186.61552424658728,0.7273827285107972,4.780568084703765
793.8604104299275,23.523626044719457,163.09428553951759,0.4122557842838202,12.116258074118896
922.7056779234239,24.02774048659351,170.7360165262158,0.7715517922324353,14.20314885926088
886.7651335523404,18.272476423833382,52.70098334006818,0.42547727901749655,8.470925156602878
501.8423785145038,30.89619097499859,194.4215535611039,0.7857647133571097,8.142484000598973
940.9612992127823,28.87364451562977,159.00064881054848,0.4607187125277781,13.486271075860524
513.52417874712,19.41539225577521,95.71266430792,0.38228591010515395,7.158273032816075
592.859728343341,16.647620912316853,174.40919972882705,0.41569914310007017,5.918738395930411
971.8422646062218,28.60998604149426,92.22817976223949,0.30139449465334917,11.002160974181345
884.6696091424932,28.090224285622703,180.9130759349192,0.8031177324974712,13.453813597157138
1064.3010694447603,20.465190539964187,66.88705856179055,0.8126807343408653,12.095619594968532
891.851603070309,34.0172712450082,155.55289661911937,0.6604533449392815,9.537904394389384
811.4777430019244,18.021157835618006,131.10477149673653,0.41295396073876856,8.763432782460406
384.30729104528325,23.64669602085204,64.48017052931613,0.3584880362574828,6.840608844458537
630.9442227534902,33.872318403351976,86.28407423882584,0.3133902765061009,5.321276869972511
538.6821309135529,23.394546338522446,51.860605441597215,0.41602372387565445,7.233493808077306
519.5906790411752,27.77051895328171,120.31519481967588,0.9235988744882027,9.579112803916882
1175.709499277201,22.951887959255885,95.18978911400006,0.4690757891911772,14.94225441904097
653.7879522000844,20.4843040469734,139.75362264466384,0.5479899290520509,9.12738259196006
1102.8418996594019,34.67955295919656,94.58567115629258,0.3737418391369332,8.574820201228208
868.0247633975366,23.18668012630086,94.98786672604771,0.45565291332371916,11.36597587841097
1015.3301731874835,32.881984073582686,161.4789798097405,0.6634571995461436,12.034330142600348
752.3733837946729,19.599092117821723,57.22142539675302,0.7254268781669568,8.730056003953639
819.2134961637232,19.262094080501665,185.4342492787981,0.4717466199163477,10.409636728899692
743.2659244369775,15.622681657690228,177.83958115867722,0.340412511457582,6.872158703832096
475.71868901824007,28.033336507517703,150.17070248396098,0.573723008389179,8.411004006450804
950.2069037353548,22.370526874475225,138.98323551610764,0.4639423596484339,12.826079218916803
552.6951261967702,32.28716499679274,183.84537472094783,0.45368774626086134,8.442366652779219
321.88436978830845,24.464198133831143,77.79952692930716,0.9719039618994185,6.011294007079064
880.9250663164511,34.363868558294435,61.84537432862429,0.7314103401480068,7.377671732100192
459.399611466344,18.71051031406242,85.92652548643072,0.6898149102204671,6.458828973521375
1146.412725917623,32.37246335911222,169.18674180502853,0.5910425724663253,14.448011313848241
1158.5357193023287,30.531937055834835,55.200540008972496,0.6002610334011009,12.157574968927031
1123.3779511984037,30.41843689288104,137.42102526252344,0.6786335026866566,14.117208830861202
633.1428302299,31.895664562337753,199.3156274286965,0.787500864925275,9.800113271508767
313.9109548759807,30.220479818859978,178.3544140756309,0.7915022673272806,7.024272753747415
1135.486706328953,27.524406432628307,128.21685335653842,0.42018573539381465,14.391521608733516
685.365733485583,17.624897553647752,59.54613639299635,0.6500789264536389,6.843118805663511
1169.9893371393027,15.650523589825038,174.70602715785645,0.5883706665238713,10.73399674776715
1167.2579793803275,33.41695695631374,139.8467762265816,0.9093688763885688,13.087029595921447
1067.708509920624,27.33300629041476,67.23994955893502,0.7419932448528634,13.29681361436591
565.0040028626272,30.930745819523526,64.07859272350343,0.6727528464911872,6.407192828899792
646.5879557417327,24.630447030251002,186.44402291548886,0.38077624952524214,11.972915142764853
1066.0230043651713,17.346163779247888,150.38003944071176,0.7239465225263879,11.8491964234186
585.22980464065,17.50371584405101,174.39301989751334,0.3820427339761634,7.092992110439985
452.5434720174832,28.711305744579427,181.8468350423401,0.5360446028960264,9.541547761428644
801.1211362125151,23.606117897989254,135.76585280724834,0.3999893753700323,11.01333115086996
1142.5392967447028,19.010494534006735,127.6169527632562,0.7844515529170581,13.477868700719839
926.4268170074757,24.83189093482874,114.56411154814853,0.4443764796853068,12.369377615803279
813.0550530804285,16.284178741502682,97.5419881686679,0.5743015612316182,7.852083647201966
387.45884439369166,26.639428038287974,115.18939412880677,0.926972344333145,8.00183605421976
853.5065040292527,20.379868088701954,166.08194835952344,0.4430214683792792,11.029153326775697
1191.048465093837,30.951182012743764,140.28851465226973,0.6554635447711453,13.990269384522215
426.07561371287164,21.207239178471475,183.87849349322693,0.5934901628162154,8.102377383553494
766.4966871273631,24.104402981636024,116.50700215687816,0.3126868287320108,10.541765348298572
1089.63576473516,15.232410798162013,141.0634368078131,0.8549306795009688,10.870119631031613
966.691755978784,16.448937755891176,144.6961329637983,0.3483321344202198,9.81057409071706
927.3141668957412,22.849871128133696,138.7545743459488,0.6319785146838675,12.19303159993827
932.2356755883983,24.59877669434247,155.39506596282746,0.692474806457265,14.339129174785352
623.5420360977796,27.000410962386074,85.61502025622094,0.7398985196302109,9.35372002743923
564.232659838044,20.833251574186065,126.8545666318686,0.7820421405155129,9.567678613644647
1028.4250399306623,28.89963772253085,65.63372042125215,0.4772906684659005,12.013246589959522
1029.1020552112627,32.202447943784094,107.67669914672189,0.30698514366091456,11.015423482090787
1080.3650867220933,30.597019777866997,123.15006029318967,0.8064105636484384,13.546414336414951
1121.9164973008242,15.792376506967143,147.83363893182087,0.674959619543305,11.959853349360113
760.2081589748441,24.610138945156578,192.57965788793052,0.8852823922450741,13.477765267901908
751.3646652184797,17.098603568363497,140.0976599822534,0.874971854030486,8.894982658175481
1018.4656610700977,19.84090031725055,161.53908742648397,0.8903283174515182,15.001496877529858
884.9675376999886,34.73325186534293,125.93990892428042,0.6395662619856781,8.355315046886718
931.770189531933,17.849910858030263,145.1156047064497,0.533539877085806,11.017777217216468
1016.2134024924909,24.97776306902712,60.639832420066014,0.8540907418139589,12.444935224630026
1101.0048076358098,27.36311468636238,88.15873712627705,0.6159058791204783,13.081665217347748
604.1956411663823,29.049299410882078,104.2779639807708,0.4284095374824042,8.310851221366477
638.0246573759496,26.192973669738283,120.87400325097704,0.8984818136930319,10.596291556214778
384.5837458567821,15.195416948383674,56.84731182535756,0.917791913740643,1.7048137992499945
820.4521268965566,21.529226164879837,71.00361463299765,0.626416829298119,10.34560501930005
332.34804641706785,25.35423286769423,91.52214616869587,0.3529898091168512,6.647942423572353
719.0382163192141,16.757329982896668,195.7299036351576,0.5714782629418518,9.198557548511435
788.380171236819,22.012538624183616,99.70205106545762,0.8624763616238222,10.586044928448882
557.887126915456,15.66406217582733,122.30615871681238,0.93124181998236,5.473736917043161
831.7499345121097,16.571569943100414,79.41465691075894,0.44243091974831705,6.8362494212042115
327.4502249451445,22.93846552403192,141.61701066136524,0.34688152841769004,6.3942593415296
333.61336987429297,17.654315080861206,92.10248232739615,0.914145317192987,4.101711800298849
1040.3405045936925,26.35081696523116,81.04888676576402,0.5725834572852126,12.839491580842813
624.1715772701366,28.789299382745313,127.48589426689686,0.6792326749872942,8.804391831423493
414.3544613866963,31.011733982181656,50.82586987406312,0.9776460684355313,5.244479533834307
770.0189340493239,19.0030048848962,51.149604897383796,0.346595309539956,7.337870718568229
992.9941977887497,18.349651645181396,82.86032136527866,0.7538226052164668,9.418712608602943
494.2389247471589,17.091356806688005,55.50820437512317,0.35187379580240696,4.655455080873689
860.6014282371002,27.728604990872732,66.20386311960371,0.5628282499265502,11.227868611913735
376.8127184943912,29.129514529738024,100.82909740081274,0.8626701816354128,6.469254621202622
346.5135490517469,15.63172289651284,170.3878519369719,0.603430562928944,3.700932385599005
778.2191684113332,33.7242449248738,135.80729650539513,0.9980276477320653,8.10294326056727
786.5716094490958,16.03942567302945,126.90015889346246,0.6913414994626215,8.619669096732695
873.6869113483859,25.82592670602141,94.02332348121826,0.5248135068451674,12.581499197999147
953.4822003503954,29.18121038901833,189.76305791492246,0.45407792813332715,13.442459866330578
1178.2668715162813,32.41938247492171,109.55225618557876,0.5453643740003132,12.823846093508918
764.6703134710758,29.281738642648556,63.06391501936572,0.5607732916316855,9.20050711763091
590.6608256471213,31.034561661395838,142.5599774176702,0.34809957440677264,6.964847511940772
1015.6675752918333,21.78900385085612,67.07575902149021,0.5587019395987411,11.894158314572948
543.7490261358668,31.296502274930244,101.78347142025382,0.6249669638174574,6.8067605558745505
695.0742786350725,16.6022969276935,126.11179080767133,0.8059164265671632,7.331466751735453
370.61074320803937,32.89633312121055,181.13337870277638,0.7597106393051256,5.621265807972315
322.81566907391175,25.951847523074726,124.0319870510178,0.796135958660408,7.210067884966557
1166.3835732101325,31.345955399249874,155.33881490474965,0.30585457731379995,13.328324439427757
1052.3821084609854,24.046365690366002,198.92252584986056,0.4523671797063752,15.387664286443
926.3767854843281,27.871553903930497,69.72336798469725,0.7631790018798995,11.241999593939802
668.0576499728429,25.528053218722263,91.20972882792793,0.6387925577258229,9.40990610708452
455.96488806376124,29.631790435106637,109.18641133964695,0.30371943296784215,5.635849708778985
440.79333840397743,16.63259964061179,113.2742267808247,0.8631462497022755,5.387948755189422
525.2186083481358,16.207041679811276,111.65316128983187,0.840966701303236,4.2485534399355
794.3039982355084,19.94206468020293,186.14165038348324,0.6838934140954938,12.331319504911663
943.1363304300561,18.190893602263767,157.10489667002847,0.34652432804339045,11.641488095634708
894.1776390459581,32.435671331844034,141.18578211360557,0.8365605346728091,10.523062400825639
551.9405072513485,19.384279747160885,96.40590767941731,0.7085995114119548,5.98633800710472
1159.3787525968746,34.51730511638263,173.5685576331942,0.8473719840105713,12.05029253175398
964.1072250261917,21.737915835422136,193.25907672274835,0.8262228946770882,14.59454783858717
798.9186472602606,18.642358313773986,173.17974238253396,0.862101450370486,10.650704720507862
850.548671610917,30.79397014284958,50.234765778720934,0.6626056464832373,8.899279626934321
677.640056185011,28.17415551001752,145.46020552751105,0.3982271627354605,10.743393437214197
522.9578905510417,24.96391432906278,57.67030721631511,0.769810231365782,8.255003984936804
620.3754107861355,26.107271018752627,88.64108305005828,0.7343316495363794,8.921654555297756
982.0614994179322,29.384035565445277,58.92870505216575,0.819577231039361,10.878555580549186
312.95413976678026,19.569094826625975,140.56931794240816,0.4189167042355147,5.140515956073073
404.4653764562246,34.92667832113484,152.98848702389103,0.4364826399302024,2.9437132706608344
341.40237781957745,34.49586324293566,67.17314570988577,0.9232866620535298,2.343588673755378
336.6559220870731,28.00651372693874,107.57583245674692,0.8249844589164494,6.448430192041187
1069.9145256099064,18.990849018582903,118.4354763433313,0.9357599420902261,13.389629678953769
933.2920734420213,28.604564848625827,105.35795326413748,0.8311007248147444,13.42021388196512
726.7564461785927,16.443968179583518,68.15375007277896,0.7180087141932112,6.814123377251091
388.0507445859013,15.613050044116122,112.8421685281213,0.7578929159195116,3.223350920881658
742.4542876051491,20.153657770224275,162.6767071712627,0.922389546758007,11.256929227060734
726.1245937025092,24.252459134786328,60.65114967998832,0.7051647281583584,9.67832095259342
455.88168291901366,32.36545010816761,62.027002112285516,0.7426739270298711,5.16253241692635
690.4664843141757,29.54338139532616,103.21569377539763,0.4095337012025204,8.442273672909304
658.6542609576361,29.85413042399962,191.25885674283876,0.6317448540812718,10.519691698435736
854.2650882469948,23.50986668896151,150.2858970084371,0.8014779783706691,13.065898866087243
871.5842857808794,21.91869985093926,151.80049350088473,0.4896598888214558,12.00555987863355
340.7736087948401,22.420775259692054,104.28799862567975,0.4415779263671744,5.357799126203464
637.1513531638241,34.752991274721154,139.04911868128076,0.5196787657570908,5.597298748347524
863.2739241428127,15.80218382824965,51.51967760416151,0.4690504395949834,6.340740570308019
752.8226327220789,32.34062992244897,145.41440696143133,0.45043884592547706,8.893270010100998
1070.84085706949,26.57350817144787,186.99304213643552,0.5973955900076608,15.25246404193869
892.8242684570505,23.77230838379181,141.88602025172287,0.9354869597184738,14.17198632322304
446.64098437328676,29.50515320830273,181.05478901995176,0.6549417527171028,7.944181967446168
363.51187266038687,24.733378828494057,158.59595831991408,0.4315442665707261,8.522592225697789
878.177350385684,32.468464761633214,68.08376246055354,0.35388016856661186,7.188492540499151
323.8601794874596,33.01403728022517,185.36799609287627,0.7873093015965476,5.526725675761722
827.198023146117,23.434418537469107,59.96657665336623,0.5679591351054715,10.722393110211732
1146.207217282462,20.536555944701032,130.09512088216457,0.8752816626097515,14.420642739977787
817.9267600882911,26.847006571867244,71.32056856901865,0.7616575380485391,11.170619353464827
649.3529335858698,33.24726691233382,51.75599160963561,0.8573690153789579,6.482275957525594
878.9593965981179,19.21324378011333,113.30513901914586,0.4903622275929141,9.25368440445304
712.4276014423649,27.459331671269656,94.25610614812344,0.7846512457227406,10.527657419111504
791.0551103843414,27.63120440185041,122.90007406964045,0.4848433892856031,9.745442123426542
1147.3183278988727,29.66226044830562,136.57998301018262,0.9573479356152041,14.549812784269438
647.4923740206968,17.631353702545198,56.5608608463421,0.745461997073362,7.196800720881289
1165.071507441523,29.31649929364177,68.45049426856184,0.5271582601227395,12.851542155735423
1114.8155777604575,33.18065041331282,133.7963594675638,0.48865830360459084,10.868307532718786
476.2120213103668,18.593662177404838,101.47510297589874,0.43364860955015044,5.507892412368936
362.4251707876489,19.750866498477553,159.3760231324172,0.7862486712256094,8.04055255621756
390.700201239684,34.42790188083279,147.84374728879095,0.4531009290985491,2.409970999036219
316.39964308639475,18.619539054189794,176.84065444848602,0.7167122861492423,5.573065042262017
384.99866468033554,32.08770186739159,153.8739240003838,0.4852445188477501,6.134894118045036
914.7060960747211,24.845557128960696,114.48966160852223,0.763378261355708,13.891269257377195
364.0697836142061,19.94462148806354,150.94499335916487,0.8704578099783773,7.070955116189524
587.0780672643853,32.41499802545023,91.30717613831277,0.8446176702012571,6.01752339867776
1060.387779872509,23.90610510005331,95.9470248167319,0.8325959316515472,15.176101606660936
320.9447421622433,25.296347078593804,168.347773988119,0.43140568398457646,8.232044385679009
1033.0216343300422,22.18466738799531,116.96292746023732,0.3618694628891631,13.336382426353754
553.66929729606,26.85901702869855,169.75705107775286,0.7892641799411699,9.931363964279727
406.3483448594906,18.270477451700454,173.36335605024175,0.5578430496560459,6.357598312089215
927.0634488277356,22.821630733035214,178.63435064919256,0.602642358482343,13.73116154454064
866.0485621018956,34.38824644670575,187.4952853761811,0.32180436495537373,8.812467143556958
1089.7248121743478,20.16266865402255,114.64778307699444,0.4817035144925344,13.709122803795303
961.5639394234972,28.134733290825842,97.83002274817082,0.3235734827121248,12.167767694960752
1023.1328373463638,21.503801284493896,137.32981198911708,0.9154300408208733,13.65892638348002
553.8311153141758,30.46946251373201,105.67586351564414,0.4703776782529713,7.785080995514367
459.69558940175057,17.617473214366996,140.16112502003494,0.6901360187011056,6.211931414797554
975.5532764767725,34.39642090157089,155.8378793965737,0.3272855244627913,9.455758011580324
1026.1512653405375,24.075790827672783,153.2607527738205,0.7667931739139606,15.550876356638321
1191.454627800606,19.72100926692928,106.1829330530182,0.5261191420278657,13.141265940373053
671.3559092202838,16.469934946600254,75.02903025481292,0.928543430870366,6.415213278925017
634.8162772135049,18.395158101750816,114.57940076933113,0.921682732253825,8.036192151306322
998.7716646677972,25.395478971120355,71.38912161228632,0.5277034328532234,11.679156051117497
606.723186227716,21.740063528625726,183.51455527757125,0.9306726269833274,11.240863920727891
1137.6815930432083,31.57766731765219,101.88161911067861,0.9973103714491451,14.501561964250671
1072.5714766587107,23.617750473236118,73.16896208349857,0.8777909648867637,12.92910637806578
686.0946246375165,19.9742854517526,53.817163985862635,0.8914099434286602,8.441078771401724
975.7839610123476,27.342899732080603,146.87335794297263,0.4743061152763629,13.689731509343872
979.0885866762142,29.135544337708914,145.5353476182115,0.7036916792004294,13.315378929897507
392.81148195233936,18.340838158018997,101.09062498719375,0.3470791397771575,4.370299750678923
1112.29761601161,18.35238432576635,60.75678332714765,0.36644255577516877,10.211849048870633
754.7271352030714,15.733428538670859,111.44433423428481,0.9992248284233034,7.597533732637113
1043.8117194969675,29.72804030131281,96.68262425950903,0.5286474745981377,11.932964386306264
588.0446409275505,28.276090552436102,151.5680959602514,0.8237287384341925,8.927666487471587
1105.9709056465804,24.492617514996276,140.86688741790357,0.8646655371187715,16.190802140013854
650.2815108607467,31.883408979383944,104.689059229631,0.9006162897050605,8.507955823658053
309.7538863322685,31.113403059001065,82.68388313824852,0.9983398081815096,4.905041782786035
1114.8437787773373,26.707087287935042,198.2053949233388,0.4690475396798075,16.019470759271147
382.15800910752023,32.36542561026518,118.10024317941723,0.3282455788017898,4.6647603976074
587.3822738313734,19.116824200735365,153.24113536703555,0.5878340625962102,8.49589552498325
1155.0557703457243,17.23839238795456,71.08294513675412,0.39105646888026285,11.194210685165421
1155.5464322438006,20.394992230339792,122.83845494890967,0.3156981224134386,13.434583737874608
816.0940993109575,16.141737121786296,54.13050798041982,0.5522987789990402,7.080699519026078
868.6534909528193,25.62339056002064,125.8182676865675,0.8486167757526655,13.041095888215073
703.6009697804877,33.73211384589923,194.60261106765535,0.6963264838575496,8.60525024778877
563.8896945282581,15.786870813370193,107.63100694787003,0.5189445924472478,3.9502882543019604
595.7980908329243,17.442198280200536,55.849401886236734,0.7580394038449038,5.878507339104453
905.2666104693345,24.043980565668704,54.64336863790153,0.46241272621616747,10.60868281319553
977.137076493912,33.6775003505581,108.19801399203043,0.3100670122504595,8.471373089319604
1012.4211393532637,21.32312209953501,74.00374046947911,0.835047370505499,12.190721575028764
1010.6563285150985,25.144696173767848,53.502814449227884,0.7366201594048063,12.115695577860391
382.0854927438213,15.831457181007842,163.43204209252653,0.833611837150672,5.615996273913934
744.9782742323233,17.966864019241775,118.77845133228361,0.32725661168136594,8.672284437134042
351.80288401497984,34.73260245917694,93.38671579589817,0.8859837394814565,3.3817368546839566
794.575994091362,34.30237392872091,185.0124774524721,0.7336683400254123,8.175190624748776
697.3774512360393,15.098799618688192,67.42084403007884,0.6943767454988481,4.844883309370657
1098.9337644824698,34.03623570846478,193.3878243432979,0.7372298336801721,11.602122197502252
615.8235112968708,27.78239875631001,97.09500760660292,0.9051032728078547,9.175407230162172
405.3603147848453,32.35836589040044,183.26055084630218,0.710855554591235,5.974184353398245
428.6925138475523,24.09479711267718,140.44143147191923,0.7066652659217255,9.08790668961726
985.359568545725,25.311920571585006,174.00610396122312,0.9934754099460361,15.117689023374007
856.396256984635,24.776931605138405,197.60197448156964,0.8297111169479976,14.707125984781438
391.01040851051124,28.337285150922085,93.26081567281186,0.6096056638157947,6.739718562058946
375.6961255034977,17.793025095126257,194.17032281113896,0.7951779000230493,7.785518523382255
930.872218313208,15.599471797453559,108.42228423536305,0.5724613301842518,7.4638718922944305
365.48670572777417,21.158598831823817,107.82678571053835,0.4602128237384493,6.623626892115539
1039.6740533613206,29.093615254732935,101.05806563817586,0.7177963138214316,13.588830616530842
935.6180044408466,19.037069042458967,131.2111411021378,0.9497274686797659,11.615341104577176
373.2139025777098,28.468648666498346,73.12175647677307,0.9503976640108238,6.99735997299075
376.3539426766727,34.398240922145405,133.0567228037017,0.5393336946738432,3.2550671321671354
1187.9756206510579,16.878014315788366,131.2557218615006,0.6693742263551865,12.431548393747322
636.8437161805083,28.452042364502525,164.28527189073048,0.4481451289989028,9.542635289815488
633.5779323602019,23.875004386091423,175.04749429063781,0.9969417766492183,11.407777280422943
1031.5196105317523,32.362845087550106,116.06620254686361,0.986782535507555,12.924416885999833
1152.5237196454727,18.542995788947717,95.34998740272405,0.754656250795213,12.85724568650103
1187.4009574405839,28.85251904452329,88.90023459756418,0.8630898417742312,15.027163801250582
978.0403667330474,31.762305792962206,79.19357550573079,0.80057011289859,10.283526730531984
638.6336269778242,33.892284389480466,58.647137329853734,0.7152107533276277,4.646137966749853
375.1506450288019,28.664960565792917,101.367196825207,0.33734359789222834,6.322933189760731
999.4322243346932,24.94349528016855,90.53715381961749,0.6183350397868628,12.366787654369078
802.5638247622246,27.356944804024277,194.9626078799611,0.7723504115171873,12.984224903842357
681.7998083222786,32.37809968957436,133.65632393750658,0.7742721297185793,8.334864775481325
1115.7189465852625,26.412194932776593,102.09155585457614,0.5611858328956685,14.277363823247518
400.0777340755362,15.607741193936738,137.0701401490544,0.9591843906606214,4.16027600854597
743.3625938617732,33.61897391013956,70.87950520185433,0.4171499225657467,6.169090215150955
310.21828029067717,28.790535020631225,116.60656238033043,0.6502516123508923,6.362837365992483
721.7945777947136,28.53026771554493,143.93514821315958,0.7836187835855759,11.408065574940201
350.6729481136536,19.31350304795434,123.33467476886771,0.7879950641242663,5.439698821147282
406.9361246412647,28.177709404653143,110.26682009814863,0.7540472697381708,7.135822785866511
405.7736220993944,22.877288113083168,199.07725833495473,0.49270174941630207,9.396771029721211
884.2892719044572,28.02465954082984,182.04721432233904,0.4093445980806354,13.292421528542912
971.440391338881,17.131860606159815,143.510893723916,0.7451582287786975,10.293127643639005
825.0318885874436,28.156906092060723,135.40660417734242,0.7195114812976064,12.074911078488096
1165.9552936270877,34.98827451541333,143.09907197368761,0.4255492072024687,9.395238775699392
637.3835215713336,15.96424077721112,80.196816173365,0.7935974018993943,5.506186557398895
557.1408776536746,34.54348368442635,109.2706614896478,0.6186203942135595,5.389042261384215
1081.739215370514,23.13815921445741,55.9189299336349,0.7674324141222071,12.823366666452268
501.2362546675074,32.415069006745185,121.331905623024,0.8861569558391054,6.044990629328324
1166.9002854965502,30.64770968116547,131.45368759364948,0.4188099000038462,13.922880065496106
310.9390272208347,26.340325219733355,84.16246041548143,0.3134014075977857,4.558217953376061
1172.8909440368752,29.768984185026532,194.60432707482707,0.8453718104770507,15.858201580025217
338.8439207555185,32.57031122602696,186.4181916405863,0.7267881976068311,6.003119401425959
1102.028802328264,23.082806433020657,158.3214853183859,0.7897476987354852,15.26528864461328
774.9309981776698,21.540663231264773,130.0079943148044,0.8867084824920497,11.406551295475225
1193.6683165073703,28.351867711271694,180.49537394715276,0.8619676543771504,17.08086795023529
366.41690826185896,31.15691883882517,69.59785157351943,0.9726441028501771,5.3168048821635985
798.4688559611886,30.245702695532316,168.57646914123274,0.6751545551964827,11.464066412481458
1172.372282057189,30.956272977172688,68.72312209502724,0.6419469428619338,12.438658619631404
770.7880597531339,23.71166629625866,169.1315993824108,0.581321039923511,12.35519503605126
866.4587743217363,31.35668432350043,91.36513523770354,0.40758372999094317,9.224819788471637
926.1738200861555,17.404181107412168,181.56358715272833,0.7008250630174157,11.638739642464135
709.0869582909959,25.88978195921699,191.60631407380967,0.4939087670281851,11.622761789136133
864.8022720756571,15.115173209962432,72.31939541076734,0.9449152585490828,7.0074666254280915
825.8828807307902,21.491716598005404,119.40134075980903,0.7082335629939682,10.952941230780473
1111.04220944189,22.32923069742796,197.14810672440277,0.7149881263556771,16.10920624323714
340.9017423073121,22.923453832185107,122.511115395972,0.548447262613907,6.335031625052617
552.8668706330072,28.909344133797244,179.53212837718178,0.3363925463843952,8.470924563738755
1155.370335668903,22.771162025406916,138.30972831969797,0.322220635761092,14.845283832683458
1101.2374055018247,23.973872452450614,106.29948618794029,0.5963346009072382,14.384755981328373
710.0910775071416,19.75088261748655,92.86753332888054,0.35919576466806646,8.690428173689204
858.1193380213831,22.4650358325868,80.4834636629131,0.7247928688780974,11.103583439937294
549.6430646830195,19.545392545263027,164.26972870665458,0.91668110394776,9.331576728013578
469.30904375138516,16.46391847536887,107.98107602345418,0.9180403715631054,5.320957097488531
717.328564445984,27.06897186762756,126.69131933011268,0.7613317870925627,11.238130279711301
618.0170052234475,28.364255971100327,123.8488220001773,0.4478622820310517,8.574133302944844
825.2905006657849,27.389806920192292,136.59185438496968,0.9040977819512104,12.582060543605309
369.96117326848633,24.26988087601145,179.83657184368283,0.9202654047192456,9.292290430263652
1176.9553268995498,22.595715603584594,197.11090153751442,0.43765750946707105,16.301646379191574
1187.5896700316425,32.26667299143651,111.13763128607255,0.8161982600394739,12.047580198707642
928.3455426177707,25.38163570272436,174.12783831594544,0.500563684248986,13.840102082501632
782.4867297097084,24.58363755259462,164.67916919820766,0.8618482186470506,13.939744753673489
578.5748546576949,15.512841316128714,136.02934271833598,0.9980665299325218,5.822139831782503
1032.4155177362538,21.824956552523126,193.40707154178997,0.32101820373057494,13.966249422063534
916.2580552984914,22.60391237571714,80.07117732926042,0.9281561060536523,12.519928796371053
446.3552454104022,22.976455617938008,66.38963154644321,0.7358413735190605,7.21448034399556
1119.8344660444582,26.603447384546648,178.0942950433133,0.9813678334153748,17.19078163509933
1040.283518630852,25.67205093453757,115.87247249506224,0.6255066622684993,13.31978125986168
1154.8199219627318,27.158101855868892,177.04532813105908,0.8931715513999616,17.00826883032068
953.147557549524,30.297665230842565,183.96353077931224,0.34367584801879403,12.790046072840893
852.0736763422109,31.25971477432187,59.368639042860714,0.5346953350548069,8.74722549312549
676.418732661557,29.362461524529888,182.5197144479091,0.34691157642584697,10.326194899736109
1139.455635018612,34.110473919098695,117.24785830541333,0.9827401934353492,12.069685892435388
1079.4575005503675,15.364651653527233,126.56487335063483,0.8718817350902857,10.863796744817394
340.6968030955705,18.915559713670923,143.98887666398153,0.8967831948721794,5.6577816180476175
323.7302770475268,15.151257499562842,188.957391009513,0.9565756620037258,4.489794566054863
638.8170301902446,27.949494283092058,52.867414164464606,0.3595724402838497,7.697343336943542
1029.4979977036496,32.96061097899974,121.52652024767256,0.5699183147593333,10.733217702567812
1188.54851638345,19.869645931525987,153.15830636458412,0.3497244223308015,14.36867198789324
435.3752019931753,33.54069089592613,158.40604365473428,0.44755517108502,4.694691691809573
834.7176438169216,16.205347805791217,153.8798647305662,0.4605560439263706,9.074444208331744
642.8017709679193,33.68872053611028,70.16526941121828,0.628375047733305,5.271520985714335
1172.922958033143,22.03245374479269,94.90933825575217,0.4879935172175498,13.603313776850243
1057.9070308221378,17.02841656898433,103.80732881255202,0.3706846747724327,10.022514186150243
1054.4958342400241,24.717435183726515,170.66558115192575,0.41724376236587535,14.878112704805961
721.8238438154733,20.13553135441016,91.81398086218294,0.4030928944864636,9.29215847632351
673.3375521038986,20.697458039238455,81.60574458008048,0.9811537585386088,9.703751905986538
546.0663647376356,21.14579929852573,193.61720285571442,0.8315047548429315,9.828006422440748
350.7379469858344,31.060517956653268,51.329492767020334,0.9774330256886934,5.894936439769748
1078.250138629548,25.78322553350509,199.67312835229674,0.607818340555536,16.09331617812476
1031.6109082170697,21.22615398312007,151.52319482860935,0.4948579371638596,14.261888534114084
1199.7459059575176,27.206675666218366,174.27039491736755,0.8588052380464306,16.88114934243276
1196.973153366515,29.32301348446387,94.19290945192898,0.5283777426288028,14.242602550971236
799.8885350423648,20.452480014670677,52.147291650058996,0.5095683615937437,9.446705258023037
992.0886736624594,23.270982030507028,160.6804277842295,0.46275419454548183,14.519625880335795
1150.2891568941852,17.43772186673895,175.12168955010137,0.3907752847569647,13.456157553907008
1064.6826516096703,18.622986990693605,161.07141979302787,0.47952414271173616,13.230086951374071
522.6132915688779,28.622357079299654,71.42754309512578,0.5487238239317214,6.9385145193600675
705.4897217790842,18.62876695391254,163.01418833854535,0.7717959457020113,9.543269328609895
416.24347363634547,25.503267673341202,165.33841731614615,0.3437953895536161,8.310433699404195
1158.6459245328501,29.180925234448654,148.78107735050824,0.44735485776574,15.049347753238205
845.557171005792,17.137538461894877,164.91738991933795,0.8663165482041735,10.284277182555606
505.77852495311646,26.346244392578072,176.88821595165982,0.4028453465086395,9.84320754621144
904.5306159652711,20.131255674027276,142.04061713561876,0.539851602565765,12.506896514655125
856.3154164121063,34.2585375047516,63.29070709545186,0.9052612453006981,6.895304500750186
622.3464462295565,24.670912934398494,123.14417145008163,0.40844771780040984,9.079368060162567
402.2018329796661,31.119850995503164,61.64740020074076,0.3579157849327329,4.027981563866221
904.4158760335197,26.004530843125234,111.13145465486463,0.6391765965560076,12.648493269899609
768.276930813414,15.868250657096382,111.06597336884414,0.5116936578949755,6.495750281336414
995.0865525620754,27.663027511880447,59.90147662103624,0.6943858551386979,12.859182331300838
768.1471510007941,34.028066844133136,102.3230800954219,0.8626634233384325,7.589993842245667
1066.9633502866861,27.032236402926625,66.64971481869722,0.3960039417069202,12.607859966906009
796.716154897037,31.383777188535802,171.23528150138333,0.7064893591879995,10.04926057579627
804.8441743818477,32.68412926696816,192.1532038946706,0.6538561322729047,9.589018048470118
1088.9882423925105,19.56159543897865,60.84747128869079,0.4008551502092397,11.570234566791411
663.1345795911573,19.240896798164535,193.2672810937552,0.7367989398702877,9.24562799998026
420.6137056055767,27.219619777019837,128.38648990051178,0.4915482925025401,8.01694654616624
325.90440868200506,23.220569396134096,94.93485169308109,0.6414840229808088,6.2033135807584
979.6235301062571,31.797226057334406,61.52931129142453,0.3575906269939433,11.053435161951024
858.2785962181182,33.00046246796022,125.09364021056267,0.6217088400495361,10.281664586737557
933.6717912893013,22.068427586054362,169.1773316736123,0.5145244276299742,13.228883026091095
491.66774535801966,19.73741117948964,156.06297159000474,0.875666847829748,8.351360025086098
422.7343280280928,30.610510304877238,57.53390171959607,0.33988510889815776,4.981690995413497
313.09019910109373,20.49612071096272,60.93527530518553,0.5930250924428309,5.372997554448381
615.5288029259373,31.45228637027357,110.43099239489557,0.6209019968920066,6.705097372022387
830.9259181691698,23.474765072975256,94.29357410719149,0.807504253409383,10.80063435884614
653.0196405897591,28.35099798582941,84.85764845840717,0.7020013025631477,8.758875202363203
693.7274298213562,16.910706276693364,92.15067483630705,0.7670486360359268,7.333920211502082
1113.7428250443736,27.477186493531462,170.5224114945327,0.8439344999562293,16.177359629313912
613.4299203209703,24.035353574744583,189.3842080447781,0.903542081560732,12.217426118430751
762.5905402438298,26.732169263509483,110.76540417913496,0.5197128477057293,10.130769899377453
1005.2877114670288,18.36028415489727,185.91665031987455,0.676615893754732,11.762078651907391
656.8885040891432,29.73747489888364,98.2243551871823,0.8880756549074398,9.616347131223405
859.8780302050861,32.25594155086457,121.46554795156874,0.9926157916755394,9.966790318472551
1076.1273378720707,19.334796001815512,83.90434967239996,0.9226635177306342,11.67071665838338
1154.5685612918778,16.914291110403234,146.07140632637658,0.5600270838370638,12.39076536773492
432.36613283613417,15.472771720926728,196.84716727622134,0.43661656205305527,4.992021708022547
1133.928862645345,27.83943000886532,140.5239644065068,0.6425747761846121,14.970770762129925
742.9046637715844,27.141880721775614,103.67211261703233,0.8191490162852295,10.682480078220003
532.4199494690625,25.9339482542814,147.17261689857924,0.6447983495273083,9.43395444856011
713.2221806144352,19.63894192231951,68.43810176980813,0.6382266043195679,8.155098483366096
1182.0293177569292,22.81811991811029,183.2988620398098,0.8867612947572603,16.34773941732257
743.3562845935826,26.88952670372346,125.46259261697546,0.5529826453470303,10.512924092269976
595.8764492587575,24.93533717718339,117.4024613059463,0.9018562723681518,10.37095715191698
870.0607688850532,34.755710404297744,137.8797182680279,0.5847633606662064,8.02987377160559
516.1310569003738,17.72879505113466,143.71757941841037,0.5297631739748375,6.535697337884839
368.2769952977975,28.902891080951875,60.76637093397696,0.6177929378397893,4.874481066921718
415.9917497195843,23.086375362085843,152.39258318351034,0.8337128710724078,8.601345359201428
415.24125506199516,23.563992298512296,86.28975204732944,0.388201419504796,5.462972001418105
436.7124241610649,29.351955313163526,157.09289487598846,0.43749345111041216,7.5262316209053255
424.9444553844691,28.84872302648739,173.3802191576295,0.9660113779641644,9.62286710010168
876.7872703228932,34.825119874043764,170.59377613287805,0.42284413916695013,7.461721411232852
463.69207595923035,17.567885789082503,132.87514511118337,0.6974091225517381,5.634461988054479
611.1005549914769,17.082192987683328,128.02548384661267,0.7055201266633564,7.1125254753142455
1107.1095689154106,29.48677634257482,71.43139420091175,0.6427371234351713,13.40506103984197
726.5654762365851,26.56773834012818,166.30192256047036,0.7513216740037729,11.747334078277337
900.8019646689245,20.48321333119612,90.71140706700716,0.46087870805833286,10.377811948938882
455.0878840814669,16.588387379779732,124.50431342269198,0.6868635874437237,3.892469369315471
473.06011692780373,16.71316499192861,92.64111393912751,0.560521278672828,4.3226033475104195
336.781754639831,32.883817493282365,70.07425444995397,0.7631670817404324,4.208945905580874
452.0415567649481,18.83734649437486,144.4336545337605,0.3988564803612046,6.446565938509747
550.7313051287628,21.467431242310415,58.14980522343558,0.6996141917876333,7.434445948349522
459.30943584907214,19.533128044539758,162.29678511893002,0.4296892487683266,7.365115264919583
379.8322803813501,22.09992611663875,97.6380192891675,0.49505014418052545,6.3151160495359
408.5722839905407,16.38847685492187,50.0202039506728,0.45309686022650825,1.8778969093309967
714.7008912294532,25.38119581816541,126.66937088558447,0.4279864459081719,10.940743667072077
485.7003465652133,16.3522512718443,57.02778627914047,0.8779976660924669,4.1272573817098275
627.8428749432679,31.007130156447232,91.42543367313492,0.4999952973626232,7.311454007762566
753.0755437693712,19.67424163820866,156.04647311835743,0.9489866473051145,10.643790074622446
921.3553457664287,25.800238292090214,59.40344324327988,0.9789485677416336,12.97925435777416
335.38092585698905,32.60158175122916,175.90077385340035,0.6998823289559681,5.714738510185377
1019.4693590181383,28.01754738094388,50.572988398787466,0.40010078586600845,11.274614901393436
865.110350541817,25.659155731026708,87.02358038028534,0.5621837703657069,11.995130766708995
373.58312875398474,21.486675062307512,161.13560842281072,0.8584125843437498,7.80941059960036
1086.2207616960995,21.660038261163958,97.44052245939602,0.5571735100879494,12.976596119224862
1128.785160478632,28.3897391039638,65.28385820990204,0.3609120528119521,12.360984756221056
354.97016386937736,34.88278722442335,104.03508782006418,0.6897494376497315,1.2408938276892019
549.1898833324833,28.236783796987574,90.55899295767884,0.8915845960472244,8.798180607359898
1025.5811518137552,26.1556683474005,176.40678532408322,0.8571484710004516,14.515893260991776
973.4337213452925,29.61301020478492,97.00218763777147,0.42258619809124726,10.841338289285476
466.0689174207396,24.30411224567436,168.33987076640108,0.7709352300887267,8.507350056842585
488.41439100303927,16.202846852015703,183.7808217216102,0.454352984404953,5.555936291422556
633.4248925122438,26.245936317558197,115.07261293647943,0.45274527418652055,9.388413636718608
736.0706866719192,34.1525056901076,186.4914715781588,0.9118502413136296,8.562470653943846
856.4292943772664,18.50605884715319,106.59770809447892,0.4747682669181611,9.015931207331409
632.0222756127952,28.800097816413313,194.61176247351622,0.4842731425626078,9.87285024328971
716.2812445198331,19.018673773181128,63.39342867883594,0.3004573735329097,7.474967526032592
972.7238443203809,25.716553689461627,153.0528899754864,0.9094683238878623,14.306284465140964
333.0148826015381,16.93352899293439,124.0721060685393,0.8548163692463941,4.426005121255524
527.1932499096187,24.007418725163703,108.14732081834705,0.7391302545634746,8.421254202170186
942.0146272960972,30.12326657790492,144.90678181229015,0.8251860347571895,12.746792328692814
1105.6861539184792,21.951430484779642,155.57856374514967,0.40643399719714424,15.168251022683563
760.5096979040995,28.29823448974436,50.654490447546365,0.6208265162113027,9.609005183143958
778.9021367387841,30.908999215794584,75.0429633120798,0.5458535711441466,8.429567280196439
396.4548102057985,33.54355638958906,156.9569075951478,0.3656435683799115,4.313955086794327
702.6711301411092,19.69284163710907,149.95781203673096,0.6402913396504468,9.777821139741341
779.3555398095209,22.986318316186164,194.9071257693016,0.9445177552398447,13.381927820121927
518.2234532712566,18.04832026660835,164.15566853761743,0.3280413833354861,6.5423325882792245
542.3189078544428,34.84967004316751,192.6159061597007,0.5040226394456557,5.350584879723487
639.5557467941603,33.54001935848591,155.38107523022103,0.4452786553439924,6.853186427605395
318.0640779999537,25.79914260561119,94.70783129591646,0.4667026575659874,5.479591926053714
589.8712490248604,31.840665887528424,65.80473833762846,0.9359041863155626,6.238940726897558
490.30320629689015,25.41915954544084,167.27357950174036,0.627648337964003,8.800744315789402
594.7476169601232,27.471713760055195,146.6223832213874,0.6264095890578731,9.02713901431056
407.78591863732606,16.78248864232033,57.227901858994436,0.8324029497186975,2.902207131200587
1101.4745526659053,30.10540840993616,104.00756988514675,0.40814454280344803,12.687657511758603
834.2332081986438,17.554269672704695,193.51997232264293,0.6410857478700356,10.27656426109317
911.1920872300407,31.521352605050566,125.06017185653019,0.6009896498847418,10.945508851346053
1010.2541147466045,30.640561753407717,114.9093704029557,0.7178374833826593,12.262963551966463
748.5979790361516,29.174893954859527,118.6549407738941,0.9996903922753069,10.002720306954854
378.2282592786813,15.723207610495242,81.33240860077456,0.838614225857433,3.110703156729346
783.395887636693,21.06256711890657,105.30607562971929,0.578505992112199,10.727322811325784
828.1570062187913,20.262251398216858,105.47198839807649,0.8792871365918329,10.530339675230776
970.895526765897,22.20272814943038,57.85325302812086,0.4194958543187361,11.523871318006895
688.4935916067114,16.752854935276773,165.13514427768774,0.3213245804162721,7.001268757819379
414.8222725160074,33.73915646062126,112.47566478558184,0.44311386072499115,3.5141561485349455
555.3983152188521,26.076044814247524,173.32698302246348,0.5382880892799817,9.406956165606822
626.7740667587716,21.11048621316047,177.55220016798432,0.6574065302216918,9.480628630222759
881.325517198441,22.939630341485667,81.79910820479871,0.7305903983788398,11.506753381545257
813.7004742020207,23.944050810096712,148.6030223255193,0.9374240020500952,12.866297284910495
620.4870533080616,27.011886667212345,120.84227062444725,0.6568978066853204,9.53428731404756
1187.8637239136817,25.313588553929954,182.02351068822276,0.6508929512380106,16.22396118720822
845.1973374211984,33.38783946428835,82.36110187646813,0.3351701068760875,7.051793550494301
513.504112562395,24.939269658116604,151.67198004650663,0.32443808685935666,8.9518198678419
391.60422535836335,34.84316029646625,141.1628183379084,0.6858119733414605,3.2440858208669745
437.5732252658988,32.028499154901915,94.29522163577491,0.6067250292738411,5.096347240698928
521.3619555460573,19.170210287146716,70.49013554767589,0.8874262764862091,6.363894814354892
444.6132359336001,33.61190429287832,147.7459640715915,0.4124757092982916,5.10361723923769
467.9103216461752,17.32732795770952,160.7896187198496,0.3174801634819347,4.998274436117925
556.5856518244624,31.348994169823833,97.3441015645025,0.6143271375510881,6.969686624757359
456.03623576527934,22.6124658695316,146.72489060334706,0.46623498972658023,8.7332597344453
1107.0888821637827,32.55948640890139,109.2696361417255,0.3347300613371862,11.308903975202915
372.21037109547797,32.361133802149006,156.98103249239267,0.8072188007933403,5.665585306199864
772.0602506132292,31.118508002352424,79.88229123410797,0.3781150999700732,7.938522998680576
669.3571442906954,30.800608726141228,183.53225039542616,0.7258236500054401,10.651554496660195
1184.1407552177457,21.093582781960816,93.11143946983697,0.4967348251168224,13.222613755107353
400.8350119512471,16.618385661025044,105.16789816342293,0.4214472352485154,2.95696747672261
658.0700391411674,23.05960357530323,58.71379281205247,0.5658260660435221,8.499592582745107
1172.5233899478321,18.470490299730173,66.72683184819147,0.8610120433560675,13.268896655614398
1078.9564133045824,28.899021778049235,127.37928540684922,0.5744655038332008,13.915846125584546
1035.3648638543518,21.92199453075571,90.13890150919573,0.825538754447739,12.849775414932898
532.1125443404459,34.5122040171983,175.32203386132915,0.3878404077594055,4.923991820217227
453.79882865105924,27.81944154690664,52.204008298243075,0.8409399937655553,6.559324336137252
901.7788979319879,31.449611272687218,106.86410730079044,0.465853327434654,9.652009005649527
1136.4383902148272,17.65049345483697,100.6018320153639,0.774175190922211,12.71345338070865
801.0866037125368,32.24028964545245,52.899144637640156,0.6960470883886973,7.153981834521516
814.4514205229099,33.455143810267884,68.65525985007653,0.9504013020481812,8.648339591578612
551.9811842942557,24.741238376378718,112.0464012377953,0.5711257625827197,9.313758359063259
992.5436398727433,27.12505875501955,123.929687667117,0.3463156321841083,13.416298516125575
468.339373701771,30.29619601805991,110.64346208823036,0.31340883988587703,5.889126289455761
591.3113127638194,18.496772545208252,129.64065176181407,0.878800992680927,8.073959422258916
682.8927947547751,25.051321529268847,139.26975123585223,0.6673149463630025,10.232245262760118
756.8493408160095,22.973260555446263,51.488573169175346,0.8426708362844644,9.815891701773628
518.1687591735722,17.92747984324498,119.61427391802559,0.46409792000806027,6.247969265548629
403.35314226528317,22.350688445830627,194.52488613313824,0.5415586218592636,9.304235334372056
849.5580381974694,16.363446187709872,127.85484201943231,0.32107271054792325,7.411741147428804
559.7674979162302,15.51623813898974,151.63134011884296,0.9730446272018785,5.896551115632647
823.114399280351,17.703325783096457,96.77957868753248,0.7675075346905693,8.964028294437789
438.92644374678207,34.26230223178348,166.0987067229144,0.9532435614315142,4.630318962047832
733.0260916693358,25.99059071790034,165.93822228141727,0.4858474852003506,11.86733145508209
779.3304892964272,34.3164432230644,128.19440714812083,0.7280245278579626,7.111441209342182
346.64118314018424,23.649957566602637,196.40207349188205,0.7749499778048464,8.75552735266199
602.9438503745284,21.23632266170519,68.83253221439801,0.5222847901803118,7.516420687098234
420.9732092450768,25.122837256804882,52.54214973343715,0.893676464510941,6.652504313698589
357.037473425491,23.790233772658205,165.5237317635644,0.9630130240301735,8.730176208605428
1190.9642091509509,17.11329368523488,171.07333060473238,0.9193985823872031,13.952094254326752
590.1184604772507,27.816526293804124,68.03108436808644,0.8173468831575608,8.313930099125525
1028.8870012691714,19.320763650191992,89.83742494379092,0.4942252758074678,11.097151976493267
529.1765892873875,27.39175909795659,52.632854504994334,0.49713122947394217,7.212422198180217
913.3524500015363,28.004021847963067,93.9962916170847,0.9743522243122265,13.33775605207568
984.2050739007179,18.04049706257296,165.97128108780072,0.3071991471549844,11.424084214689946
836.0748665470599,16.226992542213363,127.69407915688684,0.801234981269501,9.166876325883905
724.4185696951425,30.615231721368797,102.21433897524321,0.7943723137886836,8.605564777223607
670.6568227325417,24.196008475386403,105.76089423594954,0.7358826786648582,10.340112070438485
613.9814398886958,16.163275910109515,50.203043857320225,0.993076192260806,4.6769588690269
1136.5762298230434,34.89732634339534,94.97007913478538,0.5183156050346076,8.665479189846037
1047.5574670089563,16.155611219927334,146.96881124568958,0.5379803046552737,10.210065155930621
1168.5242195998612,28.900704577171062,196.12916657245356,0.35525758206258884,16.15351554886148
411.86750113699026,34.67357850526827,177.05912404758493,0.6099586955806162,4.675876742938244
957.7807276832798,19.783602084318513,53.53924469682937,0.48273396836439364,10.375022107789064
1144.506411138934,17.844987373743923,184.7840907012259,0.5403706915243509,12.8954267444234
463.1097595490941,17.427698788448577,167.47976199479388,0.8842002531789392,6.7839657341275705
359.8466406300997,21.06550295135191,167.05641853564705,0.9548391594692469,8.226109749112275
967.0085843610532,17.020916220212932,118.69936385053572,0.4300131504036299,9.808578637974751
817.0258018619207,28.84322683388264,109.70079394317543,0.5607562520874261,9.825369985083416
1057.6458990824449,16.245835962601255,95.4373593249789,0.9500413934807759,10.108360640591368
425.7951389636605,25.188442562995796,59.854228843154864,0.3432659224824558,6.107753399412834
1015.7405806739011,34.93393707705954,84.23530452405487,0.36465236967796494,7.905406798785722
481.46458804297004,31.279405390120377,86.9905452467037,0.41395369244436053,4.31275365702888
447.29034857913405,27.304388764620217,122.61156045653024,0.7166489838888124,8.011860296034246
447.8392181378937,21.125072415732234,162.1166609895041,0.4053305897041982,7.852157776350931
1033.1172482082438,27.47791672583277,121.071474259692,0.9776534670155135,14.825711330557322
898.6774986265801,25.540829278233034,58.67666741707409,0.6127001690809641,11.717512649478227
770.7588822922073,23.52166767780743,193.66847014823057,0.6510625722451164,13.065095707039356
622.9474357111523,17.614207534803988,191.40864786411683,0.47266103106378454,7.875502606223152
1089.4804867317976,32.732084304809334,167.77843147226127,0.6296721767043134,11.566460396776234
653.2005966803719,23.99569297642645,198.6991852346331,0.763339542845908,11.785710748777538
1034.9394955244193,18.8924502364153,131.67234992003944,0.82582399586783,13.270197652251744
695.2214177131966,22.35518701754579,194.4152525379809,0.8277076578969391,12.842910021839764
639.2499864824168,23.282595050578543,61.34075609251262,0.7045237788858618,9.236163107580172
716.4118071026458,31.550757911337485,104.8521122392057,0.9330518424957,9.196312951555305
571.2400867477279,29.672287611228043,83.80719020101488,0.8721854931142765,8.23122190581736
972.848442158626,30.386097872826795,79.37496262014051,0.8299336802890378,11.24728914640329
752.4483510832313,15.220625288572943,71.12044233390141,0.33892386517632245,4.777901453761224
508.9914256321356,23.32307996359523,143.36204623489948,0.3048145735537545,9.26071605061523
1109.6171159471116,24.626883032706473,167.19827836209578,0.448713094036831,14.85932309832664
645.5020992358902,15.383845536461134,136.7447599130541,0.7644665157394166,6.902717284121821
789.1975750025897,20.196264174900683,72.04440643823145,0.587838242217782,9.193732392112931
1115.8248998680924,30.2057964624427,171.66856549002063,0.5816843815095182,15.062689285628867
861.8141963225929,17.74219411457998,145.39320607455926,0.9192108217607295,10.02723290996793
405.20823663752765,25.706202629051834,108.22485591904933,0.9268939936922871,8.338383465059175
1145.8489112521277,19.30403744034475,151.11954433040944,0.9364226848375099,14.363140826780956
864.9372477642761,15.242415492877866,88.98574688642492,0.519714653560519,6.0003603558487075
601.4150531913775,19.82402915199083,101.77883127413158,0.7837390689174832,8.386938605464806
425.3448653970485,34.517475098201075,187.62287646979854,0.4901432268920587,4.9618119192046795
1014.6226703432663,31.03074223765979,93.57567585071305,0.43342688315211486,10.643630670599714
858.0654803356622,34.19153288642067,120.49824022369049,0.42924272014315845,6.875383227779917
780.1149827786894,24.757080878527248,183.5211706094022,0.5394753346045158,12.501651042037638
1104.5033247458618,17.19472397355007,156.15820254012914,0.6009703338458752,12.28030360911066
1009.7374901020777,25.95918977947386,59.33048392470541,0.8816644197385479,13.275470981116873
436.50739175947604,24.08754669119922,72.09545664184554,0.38392376543089846,7.007999314938638
580.5498610159934,31.88714165479232,51.176238615787526,0.814448093176426,6.056575969533515
523.6402258330191,16.961651615684893,144.6382685343745,0.6720184399325138,7.170203928898777
969.5516633154093,24.764822740435562,117.15101381156275,0.5015617398731947,13.151012344228572
330.17919126220147,18.000973293879685,70.14122763534132,0.6449737091729772,3.3720318890220775
812.9007163841849,21.4935185378012,193.69011815851556,0.5099594488439159,11.602174132911387
986.2128171666214,29.747141547755994,129.448958591843,0.7172573686668142,12.62752467695706
1089.0890730855745,24.52036258737533,86.28399411693337,0.6036907459986709,13.644256030106723
607.8735738443168,22.517765702915387,125.09053567320613,0.4150838703552151,9.5827922354773
1039.1315742048116,22.889525571400707,151.94304991026615,0.3816081521889877,14.201929740976265
399.56856325968647,24.188935368119733,61.43588269603467,0.6826869774504911,5.967201388747878
1061.8070625610662,30.700330876741138,91.2055722571838,0.9316891233002724,12.766998905343984
414.73979609878415,32.84169377880469,171.04482363259905,0.5407703805903799,5.910992714657901
657.5585615043306,34.10669373007856,118.94973056039919,0.8131000750558361,7.198202521384269
1017.5658292015983,30.7380677251059,131.98657130484423,0.7610629484578368,13.13499653784047
434.9256846138964,21.308137914960255,114.92240033142039,0.9520884400166367,8.250812777208683
506.32625570937734,28.762694121730842,56.58499139645077,0.8746867121093986,7.266485453863777
950.0273115537597,23.75206248110784,74.86246697302339,0.696623681233824,12.507058417624503
948.0328828914669,20.09341244092102,116.83124581128364,0.7599213487638751,12.757818819275741
877.0328695967676,31.817431588518453,81.37781981118917,0.9288705266088244,9.26536877346282
924.55360002039,15.7685269792465,57.49685429895181,0.5796631492108544,7.11907501435118
788.4519990128365,33.03523984270847,176.54744960777356,0.5287562941004441,8.858443229614121
526.6191530162575,24.22954929249468,197.17887937461737,0.3075677585446374,9.984801479472486
611.1263941535275,27.74402953616561,168.9714310995109,0.878585751934025,11.486490250451475
463.43794512128306,28.187078444115656,178.06773825570005,0.8606864902823554,9.110746603083673
1117.6055052002655,32.90235481413073,86.2965695475568,0.37311816267010595,9.330710004138526
825.0526152895084,27.733393643344147,194.09404632697996,0.7038001667928901,12.96032500003452
660.766275087276,27.278671695201236,79.53885566801426,0.6247871887168212,9.645133872949827
715.8052232797195,16.3330408112138,192.71447155427484,0.383096366856378,8.291540270066111
1152.5550056506338,25.36816043890408,199.22289409489267,0.9863977589425064,17.690119474755793
438.01626280447215,18.003380016340834,156.75842086190733,0.4502871212243488,5.828274077007386
827.6068488151175,29.748675374429713,197.17155976877328,0.34706392606339276,11.146616276957772
755.2998109960195,25.244438416253487,135.43096693506556,0.7163931656513367,11.949063433809387
850.308811891183,28.604555584167066,88.93126747641355,0.8172066739931227,10.849344863441534
316.29916543875646,15.833458012047686,115.54938284984313,0.3227104122330309,3.0101739016960782
1084.9115180497363,16.695840320916066,139.0341403068179,0.7611023471089154,11.989302886242639
1138.9064542352512,29.326467761253646,60.962234304052245,0.6726043131660181,12.727277539030261
808.619865230288,16.441686719973468,143.3514896925869,0.37228550621253387,7.729870524931446
926.9857414892031,16.42513455530517,197.17667551434417,0.42076671386245346,10.332036379865952
1130.2494430595661,15.242169504697749,78.51614746755914,0.6975820081212563,9.387467636425955
936.5147708820588,34.1300279659896,168.8892674432575,0.5074503294593018,10.148380071381712
437.28513862283523,29.75016718918014,186.1848190669429,0.9568210100559211,8.9751934562929
818.6595241501318,22.065028170041284,191.55523892303313,0.8731181606388354,12.967417489652828
846.0435417445703,20.930711625753105,194.02034066081708,0.988497044559564,14.435101268720015
681.7176041721474,21.994064594916992,128.21894580822078,0.48176958726528973,9.917965915200002
962.7998120622506,30.493070623623638,196.59618619872555,0.9788065429585839,14.393263524692784
1140.9303132921134,28.227412221408287,163.59653107016584,0.6018637088540905,15.060038435965476
1133.0116616160985,18.70391135734936,74.25071543554428,0.5432631567196282,12.10117844237767
705.7554342637188,18.482186706681688,121.5350159701955,0.33524466887854726,8.190204489041946
401.9142412566797,16.967912994267948,157.7496763058006,0.33693568050172185,3.677461570255692
1186.357079066101,28.206054394026765,87.1010473728625,0.7844078791626583,15.668105812800981
1055.0082778013407,30.28745324443472,146.0922775323331,0.6205502961038195,13.960493060724819
412.1964130829401,20.30092856650008,149.99007185699287,0.458565138225274,6.736234569490064
1128.757694355635,15.418899220618256,74.40496157128489,0.7297792144276628,9.094225126375973
1082.9067258559153,16.643433349528546,134.76279686791344,0.4770006827750778,11.16049505918077
766.9542514134649,34.357200696900605,165.74403664679116,0.7043422280410958,8.058596308756004
832.1478921704363,20.908895549548404,124.83434968039128,0.5514461228878832,11.26203585414433
659.1024334831172,30.384462956762672,51.81546751641611,0.8764865586282733,8.026473433875614
349.2854749398282,27.493271377085275,51.355770361893825,0.8744873125367454,6.211245168372977
601.6775174813108,22.638792793057917,103.55440159550183,0.6341452786856809,9.801041640084646
1022.5681037382103,19.113745243911104,188.9291102647673,0.5455733765345109,13.647061845631837
304.16882070414255,17.42772836318813,84.30151694054132,0.5537918575913662,2.443509624496738
600.1492545220298,27.300259360777332,145.15455333075306,0.8640001679677525,11.049305717784904
658.3518242318489,30.49267561275576,83.31138060399809,0.5297256379583284,8.62103014271116
783.6560426441306,27.878085070822614,98.25049844893229,0.4463415615947922,11.856113202120977
1127.8700547714843,25.606042664983164,177.2063134402226,0.35928183931271473,14.96127909293593
611.711394929365,15.839024468632726,159.32921634049202,0.6266851846190858,6.4823360176013045
612.2578817066048,34.36977555188768,64.3098915969816,0.6374924692438892,3.2530775412613635
963.7511232987736,30.97428383309149,114.30530314796505,0.8886360972820349,12.192860702783792
706.9961468008264,20.856440734019294,54.37546454678967,0.45486708751224475,7.934650615350433
502.1443406459838,34.599406587177015,122.13352199045134,0.5666938915678799,4.951794185520229
707.1955645194241,27.037631792726444,149.3651017551602,0.8658840172255835,11.196121063602844
426.7713183418199,26.64845316414493,67.77539353972273,0.8765365275242814,6.395832698558615
458.748287855601,29.961463588590643,93.33274083637485,0.5692277531851377,6.126155284256985
748.5309954655318,31.23539576180275,109.67549382532354,0.6213868163006766,7.989841562839188
677.0329045540932,28.129572146630053,187.92965369840746,0.5123001235944981,11.4393610029036
1123.3613109612902,17.561914927324,198.9882523134446,0.9527884148935184,13.320157985122396
626.1545092049698,21.765350119889966,56.73669484934238,0.3830506360191062,7.653461059321545
822.5295152502391,33.561672806520995,164.1511885243088,0.953624596101029,8.711550142966473
869.0378591275773,19.49231223687704,105.75860996035149,0.7787065162847402,10.686083695981244
311.7850109295003,22.443340476750265,108.868727934422,0.6721005068807118,7.134289363755955
897.1836348150396,23.64153765888392,163.1397460020534,0.3228613425491471,12.968406902396127
460.2323701827763,23.788099793889046,187.7639648218113,0.6329173342754058,9.118255758853744
1164.9632857225097,27.25879164989051,192.63928917538226,0.5854236735019125,16.40255725738627
433.79645497780166,33.861516754894154,136.56838790574812,0.4128531683825858,3.9777231208168824
673.1617113543214,19.8138542366501,103.56817389507542,0.7594867224504598,9.213463815331739
376.81470127077944,17.43002752601836,168.13236287881688,0.9798056351578,5.541752196117335
1197.1868266613526,18.949409797198747,87.65020748934504,0.6935321677451676,13.5777382987027
751.9755092981184,32.73849800418539,134.61110432502767,0.8003272935107619,7.466218382662811
835.8465155880394,27.91621625310412,103.78676922873098,0.34791531679621174,10.3898730361221
360.3688296495847,20.7181357847832,148.49466105618143,0.5923668970718963,6.597460332659786
974.96442335926,31.318938779372345,86.05983693402604,0.3814509396151471,10.55395689966625
488.91503378602715,32.22739992726872,78.73894186022386,0.7289570848755573,5.321393285720102
1108.2488604966425,31.930286773805562,187.73586300131555,0.9569375107499081,13.646855621205193
484.62567643380646,33.378530672791086,65.27055244243053,0.763244412730147,3.675671263993409
471.6189485972999,20.04482040346723,125.89368616023975,0.353762133820095,6.813237239896956
332.89470106328537,30.100838574925568,83.12791744445134,0.5482663434895579,4.747576667196284
724.8602505989993,24.2107899454828,55.839494498850115,0.685464365608596,9.415616446858763
808.3570199363548,31.83997105780123,55.402822743713955,0.5822454292932765,7.776440414490466
359.1377754855171,29.569813543232264,76.2832658158741,0.8835508073326206,6.188068893422088
997.9748550255096,30.528948929994492,180.01555317590004,0.8702697032969924,13.533288920408111
707.9599512732249,28.12323675362143,92.371811596554,0.728281714072255,9.851823159834714
771.951242394822,18.548575389394138,192.56887558629435,0.5614205615928937,11.697655377583615
696.6864722444053,25.900538377938766,137.24334394837905,0.4787354616342709,9.916812737731183
660.6867547877935,34.69339479049016,115.49212846531492,0.37411202274919053,4.040917668680194
803.6762981773961,33.74776132994238,137.0133252004182,0.5484283784405878,8.439514660781041
439.7162213376413,15.863474715940233,127.50475778394016,0.5892207620454036,3.612572649185803
463.73531744574404,18.296296314588744,163.81643806359875,0.7730760475728515,7.053733111913985
1075.6070589121655,17.63457546909124,92.37440989592784,0.7607118770083015,11.02193042596563
1151.5039159202695,29.51959819970591,102.95755874004536,0.34907569774887987,13.12110326477836
635.9783846517777,31.3557065971389,184.1141453799876,0.5766815208018103,9.974948534323573
543.6702058291984,19.270227326213437,191.9684769725608,0.4272452070521533,8.890111496493006
879.5995889151142,25.11705385903658,183.88373412297116,0.40976889372176395,13.723635034701815
667.8607539882868,31.814060560224,112.91719909359703,0.879111504816072,7.665489937570619
322.8477200943104,29.65603089532501,167.05482545103226,0.32934065170138027,5.568746960179023
440.5373376295713,25.844744109836967,121.45035999516482,0.5934280131314849,6.566017642164053
944.3750059626577,26.806953809175457,124.63097782191532,0.4177425590365627,12.203910220171947
893.0315477191363,25.1672109383256,80.7020163585926,0.9155311509749318,12.852371724611121
324.3863932531351,20.950969026376413,138.6695454887775,0.6899283592925245,6.835852227497977
499.7749457396545,26.300439857180322,77.92038466300218,0.4619664454637936,7.284776219000956
507.96731692926426,28.777706041001814,99.73470486007906,0.6516991010164634,7.653062180057045
904.7034692388555,32.46645831721615,178.25453024299028,0.8120404517921811,11.104363439408708
317.73948397892775,27.72582707958496,81.06137138162828,0.9706826062436036,6.470860257720009
393.69772378611646,30.22243074086316,60.67374277601492,0.4543122029717932,5.078326496909731
1019.9244768358705,18.20143269909146,60.351138891922446,0.9203272404905416,10.127952766223856
460.69019584890026,24.231149488395797,191.1176780754662,0.9540128799172432,10.457548568291783
887.4714970666872,15.186632396541865,126.03806569427519,0.9414943811724463,8.929573296344518
514.3645029420538,19.93357729043246,111.41181077255274,0.7447900498033369,7.370479246395497
389.49725348341065,29.529234302260097,171.63178715118778,0.7408744581042954,8.13400933188827
518.8549718995087,34.83619902698727,175.3738891865774,0.5822474432286759,6.430309046494992
950.0402386700932,16.983561991744317,99.8286549673407,0.8266785176126514,9.884997207769285
1070.126821295657,23.029886317225767,154.04270862106927,0.6719058128456523,15.12852013991921
1047.1978781102925,31.00141937398319,165.66842237778297,0.7742066498598061,13.163880261426465
657.4651766566094,19.080712692577976,148.19760302989317,0.5999205326941568,9.07717236246292
901.2766229135816,26.101698986045726,72.73926122001491,0.8120475248301973,12.261095282894955
484.48586587423887,29.661425920593494,181.38246252755854,0.8771300623231844,9.237744623415953
563.8329572349119,27.31970900520358,130.86418291040133,0.40250537962197125,8.28172383650553
1106.7022366690078,18.760494692308324,92.37086395550055,0.8830508009019595,12.837150809031106
311.7017311596624,22.107691373714786,113.78422781565408,0.678207572253215,7.061942522290761
376.9576777690213,30.675835689707945,55.635663559836104,0.8912661363631569,5.278384665042389
487.0976296314246,26.084530282640333,69.18002018336263,0.6019111944387102,7.880582386696644
323.87898348643773,15.104592270858255,164.83201257737915,0.5653283397681245,2.6516260746439855
463.2918915808176,30.219815200561875,50.00174521330492,0.9405425127620557,6.526665428909401
824.737404872723,15.706227098804781,112.48487427234383,0.4758184872838809,7.269631690900604
679.2820955332481,29.914675654624645,128.37652716283827,0.8909486277003,9.45909154963822
1103.4045399692773,19.04961120330475,58.19516300014584,0.6388144007565828,11.864481622016473
1035.699205564597,34.161469602387605,195.96172444584994,0.6598668097858817,10.903485568640972
607.6356165280883,22.35881502604169,83.91879968745079,0.5159277970426388,8.121354712339624
533.4810900881632,21.538632326761583,95.62980794544214,0.7011295404333109,8.145276985836286
641.7231673505403,17.977761006648894,95.59137683825409,0.5276478373933479,7.067384997760205
831.265448263327,21.112084309804295,84.56249931760249,0.3274885899691566,9.308470995681573
541.2572767405886,32.53301523656401,50.221073312946714,0.4903990237410492,5.087469239023079
861.7340170642207,34.926686752544946,159.40171911319945,0.3044653303846135,7.773352858668093
668.4704869721163,22.366190610136968,195.0268249698928,0.9848483509397996,11.855726258086642
796.8424627667822,23.97221261909085,83.64402249275676,0.9760230468738231,10.771741428028214
692.513876221785,29.441418764054742,149.45707877051336,0.5766087082306135,10.008735432663753
565.0191835877258,32.723915609301486,161.28444904380729,0.8098595980377521,7.289684538917772
1153.607976265941,26.860886683735682,177.2638068635787,0.5420642688872974,16.04890970374685
987.2452147437847,22.830513963556587,113.39437955204137,0.7697652099601833,13.262978344705111
426.1018581898073,23.252436816972477,95.43963584606439,0.8638010301321852,6.740986074777561
1081.6211783081217,28.912362929936137,98.79427010345466,0.9627293712845684,13.758053273791942
738.6880784245623,15.064365272085574,156.89319996477693,0.5801485930947703,6.596390541869585
1105.0970042046824,27.391786749196815,172.5169199758454,0.8483085880692334,16.228723937407555
1019.8697303525837,22.109860208827147,77.2420951634904,0.4861499154424831,11.949093799749052
682.6921540223101,30.883946625541686,105.64115122366478,0.9932326126555537,10.034505732082618
320.2223774881057,16.85981279646264,185.29102951237252,0.3180387191350458,3.275169142641052
541.8096234464515,26.76404533896781,171.00402795421087,0.7224701645507846,10.783108073654912
787.4707931947803,24.619457797722475,197.72876041437138,0.7616541871559289,13.233191410722323
870.1303978435326,27.846510518104548,163.13723895231212,0.7816318899518901,13.551973867073137
532.098916889882,16.297071889659367,108.97928015418833,0.3842713051523623,4.521970239628818
425.4204666655417,26.599675748562625,138.59567509919566,0.9569708484311912,9.381889508487477
1051.437213119369,26.229691759190473,149.15213813709806,0.42682829533505795,14.081783411198316
1185.961962633197,26.213201888323418,61.768372447568595,0.7359273822678887,13.943938686138637
773.1211640724173,27.069753331929096,131.67454386557978,0.4558732553861594,11.772507229692039
454.51135726347314,28.529358744527244,156.39812427089143,0.5150514919148896,8.023620061562722
545.076593867432,31.099779993615396,75.09819560015906,0.682520979209687,6.56818524738345
316.5516088927201,20.396414402564286,167.09475761383356,0.5920353929952036,7.2492079665708
1122.868925904449,31.500988203601242,137.56591707711675,0.4121579206835544,12.175203439738592
405.975974601127,24.96511364526907,192.8332678546392,0.41965548169459377,9.05342066242555
818.8648279628283,16.541165582686624,56.363344731033756,0.5927013517139597,6.6287765144691635
546.6496986184854,16.171018584879583,89.79892063332005,0.8300980847928505,4.959041249187685
798.7602022642141,21.684766373921214,140.23308189497362,0.9285752527934519,12.136014949046485
886.2783495166778,30.69793954222935,94.4839868308896,0.358889363581568,9.096805276879198
1046.7676233364814,29.153618694818313,157.16362461068633,0.5751727352915808,13.509248261654276
485.7791445845429,30.77229929344813,163.85079237828967,0.37017189460601363,7.8847155721727304
309.89624579263244,25.345381128832187,65.37739460997116,0.3116147364428185,5.466871011096113
423.19706706192653,23.80397995910981,127.07816963101516,0.7632030778507696,8.197097233366941
1110.0167776632945,17.94905053412568,126.33358333865839,0.7217146093766114,12.706035972900114
1086.5010698062638,21.56385507218623,105.39211553233116,0.41411337967042033,13.063603916984857
837.6717919532774,23.680387323477504,189.9387293854508,0.4636689831651448,13.694053285684129
840.465174390288,16.772008593592346,174.1259479809832,0.3165954275511629,9.035193140531879
898.5330070916299,19.412239054224223,154.5814072864455,0.8844630439860826,12.400651731327947
457.83415076110464,26.964505881274775,157.14899536024961,0.982283417233986,10.065939153476883
1122.9707513324638,29.713262284783795,119.25742157196787,0.3948216757562836,12.905071485595341
676.8934724028659,34.966950227858995,188.1491781644864,0.46203264963570867,7.268373336607327
644.8246754245476,33.66226662687116,154.1893140879928,0.9078866667628538,6.830832508909062
767.0259347545538,27.85130399070383,159.34715924837246,0.9485246585693294,13.162576192837868
342.26937009754954,23.42496106588144,179.2536355681018,0.5937391679647672,7.884869574091612
449.6550318804715,27.723547294164653,91.11073840132866,0.33543573058835185,6.497401680917771
964.2302547837334,30.71303236160464,171.06063558000545,0.3275742835849736,11.141721802778823
374.5188011326138,17.366723818467747,79.28609044347381,0.7017649062483073,3.5936970108260025
842.8368985197494,23.198097793925765,101.80129283673318,0.5750265762252253,10.932202150856407
520.8141987131888,31.796045712712345,100.3415681404764,0.32005669930435815,5.241951709399603
650.3660526377789,22.67665903866088,196.7788202583711,0.7082766746187896,11.517239136756542
559.8243630936299,26.437445424543732,178.48058356218903,0.3079117756123157,10.159262193214078
620.1054448184542,26.755387217243964,155.17547923853897,0.851160370704491,10.95661723594144
947.1413146658209,18.689525062672786,159.05851424230852,0.51450297589236,11.84432301325791
567.4095440608576,22.244708833045767,134.31091916038565,0.32818060210646244,8.08933386287163
809.7641762672074,21.690225774838645,192.06360006627787,0.7118465546882073,12.374499557495561
728.4453619791897,15.523934170641295,124.43881293235422,0.5783790901031383,7.339559387703932
897.3040488263833,15.483835277827104,107.07765648048418,0.9816602893500046,8.182444128215506
1143.1467653922823,31.63394087351547,74.45530053973866,0.6809390637525915,12.910097342586466
959.3148874892253,20.46141619945625,167.9308478391587,0.4926674267259058,12.785632939958898
493.44634073168106,25.36157532477631,160.16658981133872,0.7966072052437823,9.725616746328548
328.0648215551562,20.97451147177546,107.65325577862023,0.49004440177989794,6.138756820255359
536.0376398698426,33.813584902306815,53.779012093884404,0.9329703039852955,5.053879518007502
835.5701376302294,20.185935177315475,175.84959915770162,0.5623053793551636,11.78313683217668
346.2832321358253,23.593136254778702,51.71269751811104,0.6849079939433436,5.573817452965487
746.7296224811128,32.45460500969204,155.55496694435766,0.3354011726769602,8.442680892264812
837.1585640252002,31.838671335836175,195.53856645890855,0.5982848665665614,11.309534184699988
600.8195017352648,18.722028356925545,115.64919922223052,0.8826544777626963,8.561493403195179
993.8209833712398,31.05286619591421,85.24601074939292,0.8639541637543393,11.541293846423962
395.9384278203946,24.163737734757852,155.73065150650726,0.45702299119746836,8.262519710927208
367.62400356222787,24.659377441707104,172.56922130233778,0.45825534970739384,8.857513840858394
955.369880583243,17.669599448318877,131.9645474116771,0.8721137185492658,11.441133384892552
745.9421845855786,16.612030275142494,195.05529128842193,0.9512788941185277,9.901010082607364
919.5621567849624,29.558786139475302,57.75030824869417,0.3667526448911025,9.285551056787073
691.3446047433716,24.929223047105996,125.71933974567922,0.6150410475983576,9.342299400276435
521.7618299151961,23.737014052303593,157.7680920983825,0.5362179952749603,9.559847321080687
1037.1920859067798,29.590164573047936,179.39607067237685,0.9094819188202075,14.677913454132096
1019.4742910720813,30.310257979822197,76.88834178616851,0.3584674402760131,10.782111298925575
925.2268237689841,18.17816335338707,170.00052226455222,0.44778815979062614,11.342747343001754
544.9306235069664,27.204502989552825,132.9060613577818,0.8267278363105459,9.48768959870057
831.2076001821783,17.70708164555371,109.48305229849448,0.3359056942868509,9.078105655451344
624.8765072460242,30.027501720580915,69.75725428686403,0.6447747665000024,7.712726447804812
382.4238659939707,28.139103125342793,179.79436383633686,0.609474924275804,7.7729157211061235
1125.5822179160186,34.13229242166916,73.5909812269573,0.5340808252921241,10.120948330019424
423.1367678270652,16.379160327128425,96.46817888136488,0.5762006207232466,3.488623126603517
1155.2136184387223,16.141094423025088,93.50682979436553,0.670958410851163,11.103447542725153
701.4051956621602,20.643741493864002,180.71210512862814,0.4129571508718682,10.26665359922739
