temperature,humidity,rainfall,soil_moisture,irrigate
22.49080237694725,32.959305018703375,13.085284186795299,57.08920959462286,0
34.01428612819832,57.93306631648507,12.348939953599992,65.76769780339606,0
29.6398788362281,81.10620851134857,45.312729026051834,27.53275291547493,0
26.973169683940732,71.25574204866928,12.477309992475305,53.74118697248992,0
18.12037280884873,76.45928035030148,13.59748630643155,50.022218820062406,0
18.119890406724053,66.11483566975022,37.969913120898184,68.29812637517898,0
16.161672243363988,68.45935951624966,22.486992122527,73.42609423368825,0
32.3235229154987,79.44369560957236,38.83552784775906,10.850974003417077,0
27.022300234864176,37.47676062014301,3.268307878219262,57.18139433411549,0
29.16145155592091,54.259747455019834,24.378559683669216,13.628505938381032,0
15.411689885916049,35.484660927372154,1.6806800091641316,48.42010655541492,0
34.39819704323989,89.13676055976529,3.132660172767726,30.134291033057472,0
31.648852816008436,86.08415377806293,45.321872667220546,31.474361966549885,0
19.246782213565524,22.759876795795414,6.962268555879758,34.70709524166496,0
18.636499344142013,69.3902620760982,26.621034113760857,53.490471433472706,0
18.668090197068675,84.7673822190966,20.554780130035326,33.38349759681385,0
21.084844859190753,32.64027415891334,17.367166312942135,61.28893354131963,0
25.495128632644757,59.756166138684065,44.99166728436362,38.31691699017088,0
23.638900372842315,84.08418083116293,1.091169838774475,14.784724021697103,0
20.824582803960837,22.37621850100592,33.189484308779456,64.8631889738875,0
27.237057894447588,68.8194187072788,48.16972171067752,30.00308272148942,0
17.789877213040835,40.81443051607855,28.008409173092097,40.29368157194838,0
20.842892970704362,84.70773367635712,46.84112310165459,57.98107182553311,0
22.327236865873836,87.97407716157575,2.6128939643011884,33.271931000409836,0
24.12139968434072,86.09865423794038,20.93966595370807,13.960995930270094,0
30.703519227860273,53.194995166022466,13.007889548102558,36.174473290896955,0
18.993475643167194,80.34298556925194,36.54104824903649,76.11140078860124,0
25.284688768272233,79.11845789745493,49.064854524862334,54.921407810899076,0
26.848291377240848,42.337033127027894,12.82650312221239,57.00354040670449,0
15.929008254399955,78.02408319054742,32.70873007370373,54.25975075463479,0
27.150897038028766,22.59053443008448,9.904881637987007,23.929449727160574,1
18.41048247374583,61.738891493743715,28.266512728580494,39.28337048715961,0
16.30103185970559,36.100618610139215,23.19662433441681,62.56578588543228,0
33.977710745066666,28.439682004409516,48.60026648157685,17.09610282872114,0
34.31264066149119,25.38672411404464,30.42636363482333,29.449694326279857,0
31.16794696232922,68.74021431146979,17.475318604340938,29.342337592609752,0
21.092275383467413,43.791247463764634,5.704789244396668,40.241324931615424,0
16.95344228012768,70.73367400701329,7.562341436746728,78.62581186595295,0
28.684660530243136,24.574943855925966,11.265846497561755,14.725178267867536,0
23.803049874792027,42.07032364814272,12.5483330670149,46.30906960664165,0
17.440764696895577,57.7643904662736,42.53080289205689,22.555527740854732,0
24.903538202225405,75.35062153872744,28.061139414126245,77.9473581786821,0
15.687770422304368,42.312675205244894,26.169545568718323,17.931245330922494,0
33.186408041575646,63.81239635059064,5.7384435934608735,38.25207016531139,0
20.17559963200034,82.0184423765331,43.00698466747175,61.651948938422436,0
28.25044568707964,63.11042317276132,36.140715160424186,59.31880996192117,0
21.23422152178822,36.30716323275436,3.383418095000079,39.59100458257526,0
25.401360423556216,21.70805470895766,35.39175486148844,34.25669175669027,0
25.934205586865595,80.90692117306509,27.176910867132303,37.83286649870094,0
18.69708911051054,21.4888587595271,4.086267287338913,28.49933842110475,0
34.39169255529117,81.22911708789397,22.915032076432823,24.373305709475986,0
30.50265646722229,57.02559938190484,24.234814356502348,43.8127788291223,0
33.78997883128378,85.73473889590274,8.288727008163788,28.79736292473251,1
32.89654700855297,75.91482650415658,47.284907350014116,30.122316542807507,0
26.957999576221702,89.85538773733363,42.49876857403309,55.97292444321899,0
33.437484700462335,44.54982708161971,33.451116866455415,77.79761321899245,0
16.76985004103839,73.70318022517888,23.11477805003036,52.254604039156256,0
18.919657248382904,48.13516395264695,20.588277079225424,15.38856269454764,0
15.90454577821076,53.59129342127362,32.548673357547706,15.290852969784687,0
21.506606615265287,63.9253824252859,27.271593470345273,76.59962545918961,0
22.77354579378964,81.15739799304372,3.113655294094281,30.810355321513356,0
20.426980635477918,88.88584284395066,25.625132438516584,16.44468902577328,0
31.57475018303859,73.77913897051627,40.32018086164197,51.93312110052671,0
22.135066533871786,49.243674751713364,22.961993879847903,53.655414480318626,0
20.618690193747614,49.494990159394916,2.597828877713421,55.39533740830817,0
25.853921663164968,71.6307611112224,39.31390996920165,28.718141950027892,0
17.818484499495252,36.71440020378117,10.06818910679872,11.057747895013252,0
31.043939615080795,27.733187919197626,12.931041744401938,77.55107586181303,0
16.491012873595416,44.82355103485436,8.235317671614794,27.562513198377175,0
34.73773873201034,40.10672941578572,16.51075324357488,57.321840163678324,0
30.444895385933147,40.741568431919305,37.83757528443175,59.46409089150967,0
18.974313630683447,36.35254257349369,25.96929297519687,52.700519195564,0
15.110442342472048,22.94652327454533,10.244063707535627,31.903517594955375,0
31.309228569096682,21.251175431338968,43.89150390760204,28.976737763484604,0
29.137146876952343,89.14056728152221,43.97909274757646,51.836779789189215,0
29.580143360819747,49.94411936151036,43.52892125230034,70.6266943528184,0
30.425406933718914,46.90286530117771,11.939810569076965,76.27136102463768,0
16.480893034681806,67.57530978851489,22.561967209049406,17.413406308263035,0
22.169314570885454,35.27777215055449,49.249482807043755,20.83800288184039,0
17.317381190502594,86.49728287651577,38.60062381549952,76.13153811481557,0
32.26206851751187,75.04415100908864,1.358371061277991,61.55746598343548,0
27.46596253655116,26.258770161858166,3.2602295630246028,71.80956773808411,0
21.617960497052984,49.230654304944984,23.19656884061664,24.184284389474023,0
16.27116700572047,81.53828152935154,45.461010293078004,51.13101097765813,0
21.219646434313244,86.13124156039872,26.935089897635713,59.07977160922316,0
21.503666440534943,52.718105787490884,24.890625401714512,57.607831981288086,0
29.59212356676128,62.93879724474954,5.273684997831529,38.57061836066887,0
27.751149427104263,31.692376226445266,32.8390052362147,11.077642418391594,0
32.744254851526534,89.38180382958836,41.105158030011275,50.80482397629842,0
24.444298503238986,36.21701909684104,19.021000375378115,27.717107742572612,0
17.391884918766035,85.99122418945879,38.78059254626638,41.51779723000232,0
29.2648957444599,65.4752654294658,48.22383269504058,77.03067105586722,0
30.21570097233795,62.54157564152014,10.188322956384454,37.93247223497043,0
26.225543951389923,55.8881957711556,26.166481559737065,68.78611246650988,0
30.41934359909122,36.14688682024311,14.356897904228777,23.197842402447577,0
24.875911927287817,32.35696224038558,39.64272095169197,57.072234861752015,0
25.45465658763988,35.43403463491227,28.879668294057875,78.39048681072605,0
23.550820367170992,33.05067835009782,31.72912087751519,17.132517061105574,0
15.508382534881903,74.57091314967273,39.895707980794704,10.58239595590344,0
17.157828539866088,44.508768141671105,19.798523633122745,40.350795484283005,0
15.628583713734685,24.048987359437746,45.75450342035216,16.483783813595704,0
27.72820822527561,87.83718410985679,26.651443362307,62.386904477336195,0
21.287119621526536,81.8650119474398,7.8977411417674,74.01840646939912,0
25.171413823294056,84.94265982366491,34.79495590844012,40.38146808961312,0
33.15132947852186,89.64354758525047,39.66306752191272,28.109814950880867,0
19.9858445829775,32.17266744536411,15.838083853376334,40.40823233046268,0
23.207658460712594,47.736941323186116,42.85896284993765,60.64134724950007,0
30.111022770860973,73.07669329928639,45.30716273828832,10.633791310625968,0
19.57596330983245,68.72144326376545,13.845224368890447,51.2617792639288,0
16.53959819657586,30.772713443789854,49.1760736357611,52.930417942116534,0
20.79502905827536,77.10831874934325,7.035576402437921,54.63817728271549,0
18.22442574508009,35.710840028566246,10.100783420124499,26.941545598661406,0
33.59395304685146,35.667233037583614,9.211241961901306,59.98369063646887,0
31.16240759128834,57.58820960253895,44.69948550039352,16.39740404322435,0
27.66807513020847,61.50579543891922,32.714627616248094,23.948923552676057,0
32.429211803754356,60.60603454864678,7.6052141611136435,71.42290326581374,0
31.07344153798229,26.404078617842842,22.016170918417448,61.710620550859645,0
18.731401177720716,81.42226038412662,30.764901253490102,10.962188780794168,0
32.85117996979956,38.592002981209426,4.173204249469165,27.386338225886014,1
25.786844838313016,29.06604448979629,44.12081842036694,25.00845380952152,0
31.14880310328125,82.2123655908284,40.180176772076756,28.95644296258808,0
32.92182599846986,86.89560487608274,25.26033867883191,27.329183919592047,0
21.360069499437277,80.34893320858154,48.35633076295852,14.376840701999201,0
17.201038490553536,76.66612523074147,20.888048963754986,42.12583616177742,0
19.558703250838832,65.86693864473152,49.20551595182489,61.29134323503156,0
23.542155772525128,58.56001594263975,33.395999940181355,52.47122073022055,0
31.36029531844986,26.08907319379871,31.733563662697073,57.10101680186558,0
32.21461166512687,48.59172491494891,8.29774476478925,15.680442497536742,1
15.139042610623815,46.08819619086198,44.0963879152322,76.60434971237511,0
25.214946051551316,38.182764863222836,21.37448439603076,68.69442836901175,0
23.348220062975578,70.63940795820095,8.111670289123968,66.35632229469638,0
19.442156209414605,54.711301455513954,0.630375998787952,67.60886635292373,0
17.397307346673657,25.673235113535355,27.987784181919128,75.2897355692933,0
21.75230342807256,35.41282413648679,26.369981106133817,48.09777762795884,0
33.858194078250385,67.8281134561717,35.967681118457925,24.019741250733812,0
21.464058640415104,25.329160164321014,44.512902650890105,53.17485254967788,0
25.37581243486732,79.5844839834138,3.9703292321514763,62.001704556755726,0
29.060379177903556,54.660256890978204,36.574824517018115,61.65421753478178,0
22.27259204758588,53.64106041286536,9.370597204879111,46.50143169168161,0
34.435641654419214,61.46854492616623,42.9088526578582,14.792110353350463,0
34.24894589884222,77.72766761476043,40.953175693082805,35.97790569010895,0
20.035645916507285,44.34664455315351,27.03968774927722,74.45366259243501,0
24.94497011784771,67.46113067913444,35.51213993116558,50.91142368301982,0
21.017566196335395,59.601237479705375,15.71750565918742,47.68323602789994,0
20.696809887549353,38.69197891185949,23.558394946640732,28.819746006753547,0
15.737738947090655,81.50409904486105,41.08184488552358,35.79142439416052,0
27.191286679597937,75.81982151248496,22.963259858660695,72.67422624072185,0
25.05358046457723,66.09162842608978,17.88991326627209,56.6524133268785,0
16.029575024999787,79.54072103659693,24.710622362514993,65.11709187266331,0
20.57292928473223,80.71059406718616,41.41246262186092,41.80417961473586,0
33.165317719333075,69.58540837005243,16.760402368543637,54.11730536193105,0
19.79123781333945,78.59093298545704,8.68807965678719,27.386852612024526,0
17.897897441824462,68.82300231684985,35.60070101653904,59.38225811984404,0
24.78905520555126,67.60985402322103,41.29891063540409,39.93209335923361,0
34.71300908221201,63.3027964750629,5.031873926176667,40.97818603703219,0
19.84110543023001,72.69016476903488,11.993705637797236,55.452562720381714,0
28.442710948117572,31.102357370515158,7.098599488049695,75.53964350282486,0
30.23239230657435,81.66095314392498,17.39707057910833,14.480444262603465,0
19.752750879847994,81.02904694216625,22.517548945270633,67.73202661429053,0
29.56432697223719,22.04730981241914,37.44131684816532,30.466817728853517,0
22.355662654385064,77.80717253953338,32.557379244083705,41.07436181544645,0
27.64611661187159,29.020890723141164,31.046428373921557,11.533933014250627,0
27.670594215217896,43.45831979813993,17.61874733048272,31.073225448401914,0
25.71549368149517,72.04557794041254,42.072377654238,45.18418698410913,0
16.805795401088165,31.253192723381574,23.564358369908227,13.932325414320731,0
31.70604991178476,77.25769168833435,48.95524690075773,44.37670105682156,0
21.415601299434716,78.24939245704194,31.70710691478684,74.89774402008992,0
18.730370207997083,55.52274136325853,6.313237078225137,17.377525267546368,0
15.815502831095278,20.44701102017835,33.8088781037717,63.5108509652853,0
26.817858863764837,40.09266932224389,16.25520077158495,38.67697373631948,0
28.55128723684565,63.18488428630195,34.31635983430487,55.86216001670366,0
15.331756578557123,88.68303246191964,3.482057408120287,28.216561858966056,0
25.24186116598562,64.22694689116679,8.74407185879797,21.16445837789508,1
19.529915503958758,38.186250674491184,42.786862945289315,21.232382998985848,0
27.903455808188998,64.38039921697279,11.358977851175744,14.934436195020126,0
18.487328580099827,57.79897658010988,41.852056262147,22.99526934308701,0
28.81875476204932,74.58917766058005,13.963804422720521,56.49535694922778,0
22.734706926010748,27.488644717887087,32.144095502935386,71.71834282904555,0
33.73459977473469,73.27195317514196,34.70752867549155,66.98879799138132,0
17.750418882919867,57.88866050732772,25.632737657252648,57.959401691213884,0
21.82132702100517,87.40944027012962,15.265533834836564,17.730230438777188,0
17.269470424811782,43.931051622708026,10.632218818554806,30.243121240716487,0
33.49387236557126,64.28353251937637,1.659467728121311,31.686481272572827,0
32.54678706761962,85.24196738570123,15.19732006203619,27.496986247833487,0
20.15883255430311,27.17568095934755,32.65813952656415,46.05039617968062,0
28.19968092068358,85.60599410655158,46.91524092242413,47.48876704157708,0
31.344444004024318,68.15200056105694,43.5602241131526,34.982018261977714,0
26.10401623198925,24.748594137362034,38.30323882676513,34.76524111155052,0
25.59301156712013,41.067449686277136,39.42236716266493,67.9988918534257,0
19.837045818009035,69.57204620516971,33.249245173799764,65.250499382378,0
16.862055356117985,24.71454210281402,13.01434287830015,31.545708217652194,0
32.944315159066534,60.75193221233913,45.359751535291494,73.96519107112815,0
33.00836114326661,44.21181398670697,33.5366155952917,76.69705119017543,0
27.66202914546536,63.4640862437234,28.022031549021996,32.87197794210286,0
21.780595820974014,23.201942366875898,5.5494734606740534,34.80974641551384,0
21.984191492253217,81.00757643066635,22.35277719032127,45.394390739537116,0
29.519113577404788,88.14422784241778,23.017913560096314,75.87845687735715,0
32.94220519905154,87.8214498699984,43.228180476133495,71.34236031996181,0
32.741728485302346,72.47562822200473,27.332411009389425,17.179757380851285,0
30.597510917152476,29.106036809144236,19.020027448520484,37.49115202899914,0
27.840632923085757,73.07842371503159,48.840016425532966,48.73598328248403,0
16.682799299900978,21.721084152116106,5.536029666315784,45.2192730786078,0
18.232574281892276,21.548648607029808,21.12742141559723,23.570414755582487,0
32.97108377054158,42.652715340467886,2.1012337585702645,70.11717398177083,0
27.1285811931918,54.205023328326604,36.99520603834652,57.385854809778614,0
15.183941032332593,73.92851924654553,45.90382760995753,68.65358623962625,0
17.02943085732064,67.83067636245536,14.001866477524471,70.11349955446306,0
28.270035382161115,51.21318944637238,42.91708383995604,62.384909756601786,0
15.101231676924375,39.15386663971661,14.610911523094888,40.74474208748021,0
18.216161028349973,89.79871501103977,45.53850808219576,52.73827285107972,0
25.974675787331723,49.83269115651811,37.6980951798392,21.225578428382022,0
28.837903953853864,51.59709170307728,40.24533884207193,57.155179223243536,0
28.03922519005201,31.453667483416844,0.900327780022725,22.547727901749653,1
19.485386189211198,75.63666841249506,48.1405178537013,58.57647133571098,0
29.24358442695072,68.55775580470421,36.33354960351616,26.071871252777807,0
19.744981749936002,35.45387289521322,15.237554769306666,18.228591010515398,0
21.507993963185356,25.76667319310899,41.46973324294235,21.56991431000702,0
29.92982810236048,67.63495114522992,14.076059920746498,10.139449465334918,0
27.992657980944294,65.81578499967947,43.6376919783064,60.31177324974712,0
31.98446820988356,39.12816688987465,5.6290195205968505,61.26807343408654,0
28.15225784600687,86.56044935752873,35.184298873039786,46.04533449392816,0
26.36617206670943,30.574052424663016,27.034923832245518,21.29539607387686,0
16.87349535656185,50.26343607298213,4.826723509772041,15.848803625748282,0
22.35431606118867,86.05311441173193,12.094691412941948,11.33902765061009,0
20.30404735363451,49.38091218482856,0.6202018138657395,21.60237238756545,0
19.87979286758167,64.696816336486,23.438398273225292,72.35988744882027,0
34.46021109504891,47.831607857395596,15.063263038000018,26.907578919117725,0
22.861954493335208,39.1950641644069,29.91787421488794,34.7989929052051,0
32.84093110354227,88.87843535718798,14.86189038543086,17.374183913693322,0
27.622772519945258,48.65338044205301,14.995955575349235,25.56529133237192,0
30.896226070832967,82.58694425753941,37.15965993658017,46.34571995461436,0
25.052741862103844,36.09682241237603,2.4071417989176727,52.542687816695675,0
26.53807769252718,34.91732928175583,45.144749759599364,27.174661991634775,0
24.850353876377277,22.179385801915796,42.61319371955907,14.041251145758205,0
18.90485975596089,65.61667777631195,33.39023416132033,37.37230083891791,0
29.44904230523011,45.796844060663275,29.661078505369215,26.39423596484339,0
20.615447248817116,80.50507748877459,44.615124906982615,25.368774626086136,0
15.486319328629076,53.124693468409,9.266508976435722,77.19039618994186,0
27.909445918143355,87.77353995403053,3.9484581095414306,53.14103401480068,0
18.542213588140978,32.98678609921848,11.975508495476905,48.98149102204671,0
33.80917168705828,80.80362175689275,39.728913935009516,39.104257246632535,0
34.07857154005175,74.36177969542192,1.7335133363241662,40.0261033401101,0
33.29728780440897,73.96452912508364,29.140341754174482,47.863350268665656,0
22.403174005108887,79.13482596818213,49.77187580956549,58.75008649252751,0
15.309132330577349,73.27167936600992,42.78480469187697,59.15022673272806,0
33.566371251754504,63.835422514199074,26.072284452179474,22.01857353938147,0
23.563682966346285,29.18714143776713,3.182045464332117,45.00789264536389,0
34.33309638087339,22.276832564387632,41.568675719285494,38.837066652387136,0
34.272399541785056,84.45934934709808,29.94892540886053,70.93688763885689,0
32.060189109347206,63.16552201645166,5.746649852978342,54.19932448528635,0
20.888977841391714,75.75761036833234,4.69286424116781,47.275284649118724,0
22.701954572038506,53.706564605878505,45.48134097182962,18.077624952524218,0
32.02273343033714,28.211573227367616,33.46001314690392,52.3946522526388,0
21.338440103125553,28.763005454178533,41.46433996583777,18.20427339761634,0
18.38985493372185,67.989570106028,43.94894501411336,33.60446028960264,0
26.136025249167005,50.12141264296239,28.58861760241611,19.99893753700323,0
33.723095483215616,34.03673086902357,25.872317587752065,58.445155291705824,0
28.92059593349946,54.41161827190058,21.521370516049508,24.437647968530683,0
26.4012234017873,24.494625595259386,15.847329389555965,37.43015612316182,0
16.943529875415372,60.73799813400792,21.729798042935588,72.6972344333145,0
27.300144533983396,38.82953831045684,38.69398278650782,24.30214683792792,0
34.801077002085265,75.82913704460317,30.09617155075658,45.54635447711454,0
17.801680304730482,41.72533712465017,44.6261644977423,39.349016281621545,0
25.366593047274733,51.86541043572608,22.169000718959385,11.268682873201081,0
32.54746143855911,20.813437793567044,30.3544789359377,65.4930679500969,0
29.815372355084087,25.071282145619122,31.565377654599438,14.83321344202198,0
28.94031481990536,47.47454894846794,29.584858115316276,43.19785146838675,0
29.049681679742186,53.595718430198644,35.13168865427582,49.2474806457265,0
22.189823024395103,62.00143836835126,11.871673418740315,53.989851963021096,0
20.871836885289866,40.416380509651226,25.618188877289533,58.20421405155129,0
31.187223109570272,68.64873202885798,5.211240140417384,27.729066846590054,1
31.202267893583617,80.20856780324432,19.22556638224063,10.698514366091455,0
32.341446371602075,74.5895692225345,24.38335343106322,60.64105636484384,0
33.26481105112943,22.773317774385,32.611212977273624,47.495961954330504,0
25.226847977218757,53.63548630804802,47.526552629310174,68.52823922450742,0
25.030325893743992,27.34511248927224,30.032553327417794,67.4971854030486,0
30.965903579335503,36.943151110376924,37.17969580882799,69.03283174515182,0
27.999278615555305,89.06638152870025,25.313302974760138,43.95662619856781,0
29.03933754515407,29.974688003105925,31.705201568816566,33.3539877085806,0
30.91585338872202,54.922170741594925,3.5466108066886717,65.40907418139591,0
32.800106836351326,63.270901402268336,12.719579042092349,41.590587912047845,0
21.759903137030715,69.17254793808728,18.092654660256933,22.840953748240416,0
22.51165905279888,59.175407844083985,23.624667750325678,69.8481813693032,0
16.87963879681738,20.683959319342858,2.282437275119187,71.77919137406431,0
26.56560281992348,42.85229157707943,7.001204877665884,42.64168292981191,0
15.718845475934842,56.2398150369298,13.84071538956529,15.298980911685122,0
24.311960362649202,26.150654940138335,48.576634545052535,37.14782629418519,0
25.85289269415153,44.543885184642654,16.567350355152538,66.24763616238224,0
20.730825042565687,22.32421761539566,24.102052905604125,73.124181998236,0
26.816665211380215,25.500494800851452,9.804885636919646,24.243091974831707,1
15.610004998780989,47.78462933411173,30.53900355378841,14.688152841769007,0
15.746963774984287,29.290102783014227,14.034160775798716,71.41453171929871,0
31.452011213193167,59.72785937830907,10.349628921921338,37.25834572852127,0
22.20381282822526,68.2625478396086,25.828631422298955,47.92326749872943,0
17.541210253037697,76.0410689376358,0.27528995802104106,77.76460684355312,0
25.444865201096086,34.010517097136706,0.3832016324612664,14.6595309539956,1
30.399871061972217,31.723780758134883,10.953440455092888,55.382260521646685,0
19.316420549936865,27.31974882340802,1.836068125041057,15.187379580240695,0
27.457809516380003,64.55011746805457,5.401287706534569,36.28282499265502,0
16.70694929987536,69.45330085408308,16.94303246693758,66.26701816354128,0
16.033634423372153,22.211030137794943,40.12928397899064,40.34305629289441,0
25.62709263136296,85.53485723705829,28.602432168465043,79.80276477320653,0
25.81270243220213,23.637989855603067,25.63338629782082,49.134149946262156,0
27.748598029964132,57.890743471074934,14.674441160406083,32.48135068451674,0
29.52182667445323,69.63423636156415,46.587685971640816,25.40779281333272,0
34.517041589250695,80.967838662226,19.850752061859584,34.53643740003133,0
25.326006966023904,69.98608524926995,4.354638339788575,36.07732916316856,0
21.45912945882492,76.12096581488544,30.853325805890066,14.809957440677268,0
30.90372389537407,43.761513477996424,5.69191967383007,35.87019395987412,0
20.416645025241486,77.03775796225585,17.261157140084606,42.49669638174574,0
23.779428414112722,25.60803924692726,25.370596935890443,60.591642656716324,0
16.56912762684532,82.63716592423694,43.71112623425879,55.97106393051256,0
15.50701486830915,58.331466330761536,24.677329017005935,59.6135958660408,0
34.2529682935585,77.21084389737456,35.11293830158321,10.585457731379996,0
31.719602410244118,51.66227991628101,49.64084194995352,25.23671797063752,0
28.91948412187396,65.05043866375675,6.574455994899081,56.317900187989956,0
23.179058888285397,56.84818626552792,13.736576275975976,43.8792557725823,0
18.465886401416917,71.21126652287323,19.72880377988232,10.371943296784217,0
18.12874085342172,25.71409874214127,21.09140892694157,66.31462497022756,0
20.004857963291904,24.224645879339466,20.551053763277288,64.09667013032362,0
25.984533294122407,37.29722638071025,45.380550127827746,48.38934140954939,0
29.291918454001248,31.168127607923182,35.70163222334282,14.652432804339048,0
28.203947534354626,81.02484966145411,30.395260704535186,63.65605346728093,0
20.598677938918858,35.344979115063104,15.468635893139105,50.859951141195474,0
34.097305613263885,88.31056790733919,41.189519211064734,64.73719840105714,0
29.75793833391537,43.58270542397748,47.75302557424945,62.62228946770883,0
26.087081050228015,32.748254098208946,41.05991412751133,66.21014503704859,0
27.234414924687044,75.27889549997354,0.07825525957364521,46.26056464832374,0
23.3920012485558,66.10954428506133,31.82006850917035,19.82271627354605,0
19.95461979002315,54.87370015171973,2.5567690721050362,56.98102313657821,0
22.119453573025233,58.87544856563419,12.880361016686093,53.43316495363794,0
30.15692220928738,70.34412447905848,2.9762350173885843,61.957723103936104,0
15.287869772595117,35.99183189319091,30.189772647469386,21.89167042355147,0
17.321452810138325,89.74337412397193,34.32949567463034,23.648263993020244,0
15.920052840435055,88.23552135027482,5.724381903295256,72.32866620535299,0
15.814576046379402,65.52279804428558,19.191944152248976,62.498445891644955,0
32.10921168022014,33.96797156504016,22.8118254477771,73.57599420902261,0
29.073157187600472,67.61597697019039,18.45265108804583,63.11007248147445,0
24.483476581746505,25.05388862854231,6.0512500242596525,51.80087141932113,0
16.95668321302003,22.145675154406426,20.94738950937377,55.789291591951155,0
24.832317502336647,38.03780219578496,37.558902390420904,72.2389546758007,0
24.469435415611315,52.383606971752144,3.550383226662773,50.51647281583584,0
18.464037398200304,80.77907537858664,4.009000704095173,54.26739270298712,0
23.67703298475946,70.90183488364156,17.73856459179921,20.95337012025204,0
22.97009468794747,71.98945648399868,47.08628558094625,43.17448540812719,0
27.31700196104433,49.784533411365274,33.428632336145704,60.147797837066925,0
27.701873017352874,44.215449478287404,33.93349783362824,28.96598888214558,0
15.90608019544089,45.97271340892219,18.09599954189325,24.157792636717446,0
22.492252292529425,89.13546946152405,29.68303956042692,31.967876575709088,0
27.517198314284727,22.807643398873772,0.5065592013871689,26.905043959498343,1
25.062725171601755,80.6922047285714,31.80480232047711,25.04388459254771,0
32.12979682376644,60.507278600067536,45.66434737881184,39.739559000766086,0
28.173872632378902,50.703079343271334,30.62867341724096,73.5486959718474,0
18.258688541628594,70.76803622905956,43.68492967331725,45.49417527171028,0
16.411374948008596,54.0668258997292,36.19865277330469,23.154426657072612,0
27.84838556412631,81.13962666571624,6.027920820184512,15.388016856661185,1
15.530226210832437,83.0491304807881,45.12266536429209,58.73093015965477,0
26.715511625469265,49.520464881141876,3.322192217788744,36.79591351054715,0
33.80460482849915,39.37794580645361,26.69837362738819,67.52816626097515,0
26.50948355751758,61.464523001535355,7.106856189672883,56.165753804853914,0
22.763398524130437,83.86543419316837,0.5853305365452033,65.73690153789579,0
27.865764368847064,34.746353230396664,21.10171300638195,29.036222759291412,0
24.165057809830333,63.607660849443796,14.752035382707811,58.46512457227407,0
25.9123357863187,64.20921540647643,24.30002468988015,28.484338928560316,0
33.8292961755305,71.31791156906968,28.85999433672754,75.7347935615204,0
22.722052756015486,29.209737958908185,2.1869536154473677,54.54619970733621,0
34.22381127647829,70.1077475277462,6.150164756187282,32.71582601227395,0
33.107012839121275,83.63227644659487,27.93211982252127,28.865830360459086,0
18.915822695785927,32.57781762091694,17.158367658632912,23.364860955015047,0
16.38722601750331,36.62803274467144,36.4586743774724,58.62486712256094,0
17.01556002754853,87.99765658291477,32.614582429596986,25.31009290985491,0
15.364436513030995,32.66838668966429,42.28021814949534,51.67122861492423,0
16.88885921511857,79.80695653587054,34.62464133346126,28.524451884775015,0
28.660135468327137,54.45944995136244,21.496553869507405,56.3378261355708,0
16.42377296920458,37.30617520822239,33.64833111972162,67.04578099783774,0
21.379512605875227,80.9524930890758,13.769058712770926,64.46176702012572,0
31.89750621938909,51.171367850186584,15.315674938910634,63.25959316515472,0
15.465438714716518,56.03721477507831,39.44925799603966,23.140568398457646,0
31.289369651778717,45.1463358579836,22.32097582007911,16.18694628891631,0
20.637095495468,61.50655960044492,39.919017025917626,58.92641799411699,0
17.363296552433127,31.446671080951596,41.12111868341392,35.78430496560459,0
28.934743307283014,47.375707565623244,42.87811688306419,40.26423584823431,0
27.578856935597678,87.85886256347013,45.83176179206036,12.180436495537375,0
32.549440270541055,38.06934028907892,21.549261025664812,28.170351449253445,0
29.701420876077716,65.97156651789045,15.943340916056941,12.357348271212482,0
31.06961860769697,42.76330449572864,29.109937329705694,71.54300408208734,0
20.64069145142613,74.14311879806205,18.558621171881377,27.037767825297134,0
18.548790875594456,29.16115625028449,30.05370834001165,49.01360187011056,0
30.012295032817168,87.88747315549813,35.27929313219123,12.728552446279128,0
31.13669478534528,51.76526789685475,34.42025092460684,56.67931739139606,0
34.81010284001347,36.52353243425247,18.727644351006067,32.61191420278657,0
23.25235353822853,25.144772313100887,8.34301008493764,72.8543430870366,0
22.440361715855666,31.883053356127853,21.526466923110377,72.1682732253825,0
30.528259214839935,56.384176398921234,7.129707204095437,32.77034328532234,0
21.816070805060356,43.59022235019004,44.504851759190416,73.06726269833275,0
33.61514651207129,78.02183561178266,17.29387303689287,79.73103714491452,0
32.16825503686024,50.162126656326414,7.722987361166189,67.77909648867637,0
23.579880547500366,37.40999908113409,1.2723879952875439,69.14099434286604,0
30.017421355829946,63.2001490622821,32.29111931432421,27.430611527636295,0
30.090857481693646,69.47440518198121,31.84511587273716,50.36916792004294,0
17.062477376718654,31.69293355306649,17.030208329064582,14.70791397771575,0
33.05105813359133,31.733345140182237,3.5855944423825505,16.64425557751688,1
25.105047448957144,22.566999885348007,20.4814447447616,79.92248284233034,0
31.529149322154833,71.54814105459484,15.56087475316968,32.86474745981377,0
21.400992020612236,66.46631693352636,33.856031986750466,62.37287384341925,0
32.91046456992401,53.22416130248697,30.288962472634516,66.46655371187715,0
22.784033574683264,79.0919314278438,18.229686409877,70.06162897050604,0
15.216753029605968,76.39691070650372,10.894627712749505,79.83398081815096,0
33.10763952838528,60.97480550777265,49.40179830777959,26.90475396798075,0
16.82573353572267,80.7789896359281,22.700081059805743,12.824557880178979,0
21.3862727518083,34.40888470257378,34.413711789011856,38.78340625962102,0
34.0012393410161,27.834373357840953,7.027648378918039,19.105646888026286,1
34.012142938751126,38.88247280618927,24.27948498296989,11.56981224134386,0
26.46875776246572,23.99607992625204,1.3768359934732743,35.229877899904025,0
27.636744243395984,57.18186696007224,25.272755895522497,64.86167757526655,0
23.968910439566393,85.5623984606473,48.200870355885115,49.63264838575496,0
20.86421543396129,22.754047846795675,19.210335649290013,31.894459244724782,0
21.57329090739832,28.547693980701876,1.9498006287455794,55.80394038449038,0
28.450369121540767,51.653931979840465,1.5477895459671764,26.24127262161675,1
30.0474905887536,85.37125122695335,19.399337997343473,11.006701225045951,0
30.83158087451697,42.13092734837254,8.001246823159702,63.50473705054991,0
30.792362855891078,55.50643660818747,1.1676048164092956,53.662015940480636,0
16.824122060973806,22.910100133527447,37.81068069750884,63.3611837150672,0
24.88840609405163,30.38402406734622,22.926150444094535,12.725661168136593,0
16.151175200332887,89.06410860711928,14.462238598632727,68.59837394814565,0
25.990577646474712,87.55830875052318,45.00415915082404,53.36683400254123,0
23.83061002746754,20.345798665408672,5.8069480100262805,49.43767454988481,0
32.754083655166,86.62682497962673,47.79594144776596,53.72298336801721,0
22.018300251041573,64.73839564708503,15.698335868867641,70.51032728078549,0
17.341340328552118,80.75428061640154,44.42018361543406,51.08555545912349,0
17.859833641056717,51.83178989437013,30.147143823973078,50.66652659217255,0
30.230212634349446,56.09172200054752,41.33536798707437,79.3475409946036,0
27.364361266325222,54.21926061798441,49.20065816052321,62.97111169479976,0
17.022453522455805,66.6804980282273,14.420271890937286,40.96056638157947,0
16.682136122299948,29.775587832941902,48.05677427037965,59.51779000230494,0
29.0193826291824,22.098151291087458,19.47409474512102,37.2461330184252,0
16.45526012728387,41.55509591138336,19.275595236846115,26.02128237384493,0
31.437201185807126,69.32765339156526,17.019355212725284,51.77963138214316,0
29.124844543129925,34.129741648606384,27.07038036737926,74.9727468679766,0
16.626975612837995,67.14027033274421,7.707252158924355,75.03976640108239,0
16.69675428170384,87.89384322750892,27.68557426790056,33.933369467384324,0
34.73279157002351,26.573050105259288,27.0852406205002,46.93742263551865,0
22.485415915122406,67.08214827575884,38.0950906302435,24.814512899890282,0
22.412842941337818,51.06251535131998,41.68249809687928,79.69417766492184,0
31.25599134515005,80.76995780642537,22.022067515621202,78.6782535507555,0
33.94497154767717,32.400485261317016,15.116662467574688,55.46562507952132,0
34.720021276457416,68.48381665583152,12.966744865854723,66.30898417742313,0
30.067563705178834,78.66807027536771,9.731191835243596,60.057011289859,0
22.525191710618316,86.12299536318163,2.882379109951244,51.52107533276278,0
16.670014333973377,67.82736198027521,17.122398941735668,13.73435978922284,0
30.542938318548735,54.80223348058991,13.512384606539163,41.833503978686274,0
26.1680849947161,63.24930681408497,48.32086929332037,57.23504115171874,0
23.484440184939526,80.82334891351027,27.885441312502195,57.42721297185793,0
33.12708770189472,59.94268226471808,17.363851951525376,36.11858328956685,0
17.223949646123028,22.12709417877858,29.0233800496848,75.91843906606213,0
24.852502085817182,85.16640868548845,6.959835067284775,21.714992256574668,0
15.227072895348382,68.26687257220928,22.202187460110146,45.02516123508924,0
24.373212839882527,67.35593700440725,31.31171607105319,58.3618783585576,0
16.126065513636746,35.0972606678402,24.444891589622568,58.799506412426645,0
17.376358325361437,66.121982916286,20.088940032716213,55.40472697381709,0
17.350524935542097,47.570508395791094,49.69241944498491,29.270174941630213,0
27.984206042321272,65.58630839290444,44.01573810744635,20.934459808063536,0
29.920897585308467,27.461512121559352,31.170297907972007,54.51582287786976,0
26.667375301943192,66.04917132221252,28.46886805911414,51.95114812976064,0
34.24345096949084,89.95896080394665,31.033023991229204,22.55492072024687,0
22.49741159047408,23.374842720238924,10.065605391121663,59.35974018993944,0
20.714241725637216,88.4021928954922,19.75688716321593,41.862039421355945,0
32.3719825637892,48.48355725060094,1.972976644544966,56.743241412220705,0
19.47191677038905,80.95274152360814,23.777301874341333,68.61569558391055,0
34.264450788812226,74.76698388407914,27.151229197883158,21.88099000038462,0
15.243089493796326,59.69113826906675,11.38748680516048,11.340140759778567,0
34.397576534152776,71.69144464759285,48.201442358275685,64.53718104770508,0
15.863198239011522,81.49608929109435,45.4727305468621,52.67881976068311,0
32.82286227396142,48.28982251557231,36.107161772795294,58.97476987354852,0
25.554022181725998,42.892321309426706,26.66933143826813,68.67084824920498,0
34.85929592238601,66.73153698945093,43.498457982384245,66.19676543771504,0
16.475931294707976,76.5492159358881,6.532617191173146,77.26441028501773,0
26.077085688026415,73.3599594343631,39.52548971374425,47.51545551964828,0
34.38605071238198,75.84695542010442,6.241040698342415,44.194694286193375,0
25.461956883402976,50.49083203690531,39.71053312747027,38.132103992351105,0
27.58797276270525,77.24839513225152,13.788378412567848,20.75837299909432,0
28.914973779692343,28.41463387594259,43.85452905090945,50.08250630174157,0
24.090821295355465,58.11423685725947,47.202104691269895,29.390876702818513,0
27.55116160168127,20.40310623486851,7.439798470255782,74.49152585490829,0
26.686286238462003,42.72100809301892,23.133780253269677,50.82335629939683,0
33.02316020981978,45.65230744099785,49.049368908134255,51.49881263556771,0
15.908927606829158,47.732088412647876,24.17037179865733,34.844726261390704,0
20.619263791844606,68.68270446829035,43.17737612572726,13.639254638439525,0
34.008229681531176,47.1990670889242,29.436576106565994,12.222063576109203,0
32.80527567781833,51.408553583577145,18.766495395980094,39.63346009072383,0
24.11313505571426,36.62808916120292,14.28917777629351,15.91957646680665,0
27.402651956030734,46.12762541405381,10.161154554304364,52.479286887809735,0
20.54762365962265,35.9088739084206,38.08990956888486,71.66811039477602,0
18.762423194475225,25.123714663791056,19.327025341151394,71.80403715631056,0
24.273968098799642,62.24140153669645,25.56377311003756,56.13317870925627,0
22.067044560521055,66.77489589885113,24.616274000059096,24.78622820310517,0
26.67312223701744,63.36432422067301,28.863951461656562,70.40977819512105,0
16.554692739299696,52.44458306604007,43.27885728122761,72.02654047192456,0
34.487896153323334,46.585004612546086,49.03696717917147,23.765750946707108,0
34.72421488959206,80.43335547002776,20.379210428690847,61.61982600394741,0
28.963234280394904,56.33572495953526,41.37594610531515,30.056368424898608,0
25.72192732688241,53.54273143408117,38.22638973273588,66.18482186470507,0
21.190552325726557,21.7949446064505,28.676447572778663,79.80665299325219,0
31.275900394138972,43.887347933830945,47.80235718059666,12.101820373057496,0
28.694623451077586,46.613693315009996,10.02372577642014,72.81561060536524,0
18.252338786897827,47.91759466278303,5.46321051548107,53.584137351906065,0
33.21854368987685,60.61206584591326,42.69809834777111,78.13678334153748,0
31.45074485846338,57.352178270881495,21.957490831687416,42.550666226849934,0
33.99599826583848,62.553356495541124,42.34844271035303,69.31715513999616,0
29.5143901677672,73.54182830794898,44.654510259770746,14.367584801879406,0
27.268303918715798,76.90900171012655,3.122879680953572,33.4695335054807,0
23.364860725812377,70.2686153358546,44.17323814930303,14.691157642584699,0
33.65456966708027,86.88665871684543,22.415952768471108,78.27401934353493,0
32.32127779000817,21.276280787345314,25.52162445021161,67.18817350902857,0
15.904373402123788,33.70445899784823,31.329625554660513,69.67831948721793,0
15.52733948994504,20.52940124846995,46.31913033650434,75.6575662003726,0
22.52926733756099,65.32322999082221,0.9558047214882015,15.957244028384974,0
31.211066615636657,82.86213842649909,23.842173415890855,36.99183147593334,0
34.74552258629889,37.043760760340945,34.38610212152803,14.972442233080148,0
18.008337822070565,84.89241813574147,36.135347884911425,24.755517108502005,0
26.8826143070427,24.21871732026926,34.6266215768554,26.055604392637065,0
22.61781713262043,85.410521876386,6.721756470406093,42.83750477333051,0
34.398287956292066,44.61358810677441,14.96977941858406,28.79935172175498,0
31.842378462714173,27.099457991445156,17.935776270850674,17.068467477243274,0
31.766574094222758,54.01102314304279,40.22186038397525,21.72437623658754,0
24.373863195899403,37.97435974043556,13.937993620727651,20.309289448646364,0
23.296390046753302,39.94110313733459,10.535248193360157,78.11537585386088,0
20.468141438614126,41.51029754484006,47.87240095190481,63.15047548429315,0
16.127509933018544,76.21181284828644,0.443164255673445,77.74330256886934,0
32.29444752510106,57.74128936726781,49.89104278409891,40.7818340555536,0
31.258020182601552,41.791538940920255,33.84106494286978,29.485793716385963,0
34.99435346572261,62.723364831764286,41.423464972455854,65.88052380464308,0
34.93273674147811,70.13054719562355,14.730969817309658,32.837774262880274,0
26.10863411205255,39.083680051347365,0.7157638833529989,30.95683615937438,0
30.37974830361021,48.948437106774605,36.893475928076505,26.275419454548185,0
33.895314597648564,28.53202653358633,41.70722985003379,19.077528475696475,0
31.99294781354823,32.68045446742762,37.02380659767596,27.952414271173616,0
19.94696203486395,67.6782497775488,7.142514365041929,34.87238239317214,0
24.01088270620187,32.70068433869389,37.671396112848456,57.17959457020113,0
17.5831883030299,56.76143685669421,38.44613910538205,14.37953895536161,0
34.08102054517445,69.63323832057029,32.92702578350274,24.735485776574006,0
27.123492689017603,27.48138461663207,38.30579663977931,66.63165482041734,0
19.572856110069253,59.71185537402325,42.296071983886605,20.284534650863954,0
28.434013688117133,37.95939485909547,30.680205711872922,33.985160256576506,0
27.362564809157917,87.40488126663058,4.430235698483953,70.52612453006981,0
22.163254360656808,53.84819527039473,24.381390483360544,20.844771780040986,0
17.27115184399258,76.41947848426108,3.8824667335802534,15.791578493273292,0
28.431463911855992,58.515857950938326,20.37715155162154,43.91765965560076,0
25.406154018075867,23.038877299837342,20.35532445628138,31.169365789497547,0
30.446367834712788,64.32059629158157,3.300492207012079,49.43858551386979,0
25.403270022239866,86.598233954466,17.441026698473966,66.26634233384326,0
32.043630006370805,62.112827410243185,5.549904939565742,19.60039417069202,1
26.03813677548971,77.34322015987532,40.41176050046111,50.64893591879995,0
26.218759430707728,81.89445243438854,47.38440129822354,45.38561322729048,0
32.533072053166904,35.96558403642527,3.6158237628969303,20.08551502092397,1
23.06965732424794,34.84313879357586,47.75576036458507,53.67989398702877,0
17.680304569012815,62.76866921956942,26.12882996683726,29.154829250254014,0
15.57565352626678,48.771992886469334,14.978283897693695,44.148402298080875,0
30.10274511347238,78.79029120067042,3.8431037638081755,15.759062699394331,1
27.406191027069294,83.00161863786079,25.03121340352089,42.170884004953614,0
29.08159536198447,44.73949655119027,39.72577722453743,31.45244276299742,0
19.259283230178212,36.58093912821374,35.354323863334905,67.5666847829748,0
17.727429511735394,74.63678606707032,2.511300573198688,13.98851088981578,0
15.290893313357639,39.23642248836953,3.645091768395176,39.3025092442831,0
22.011751176131938,77.58300229595748,20.143664131631855,42.09019968920066,0
26.79835373709266,49.66167775541339,14.764524702397164,60.750425340938314,0
22.844880901994646,66.72849295040294,11.619216152802391,50.20013025631477,0
23.749498440474582,26.68747196842677,14.05022494543568,56.70486360359267,0
33.08317388987497,63.67015272736011,40.17413716484423,64.39344999562293,0
21.965109340466007,51.62373751160604,46.461402681592695,70.35420815607321,0
25.279789783196215,61.06259242228319,20.255134726378323,31.971284770572936,0
30.67306025482286,31.760994542140438,45.30555010662486,47.661589375473206,0
22.930855646425403,71.58116214609275,16.0747850623941,68.807565490744,0
27.441734004557468,80.39579542802599,23.82184931718958,79.26157916755395,0
32.2472741749349,35.171786006354296,11.301449890799987,72.26635177306342,0
33.990412473152844,26.70001888641132,32.0238021087922,36.00270838370638,0
17.941469618580758,21.654701023243547,48.94905575874044,23.66165620530553,0
33.53175250322989,64.93800503102862,30.17465480216893,44.25747761846121,0
24.842325861590766,62.49658252621465,17.890704205677444,61.914901628522955,0
20.164887765979167,58.2688188899849,32.39087229952642,44.47983495273083,0
24.182715124765224,36.236296728118276,6.146033923269378,43.82266043195679,0
34.60065150570954,47.36341971338602,44.432954013269935,68.67612947572604,0
24.85236187985739,61.613343463032116,25.154197538991816,35.298264534703044,0
21.575032205750162,54.773680120141854,22.467487101982105,70.1856272368152,0
27.668017086334515,89.14498641504211,29.29323942267596,38.47633606662065,0
19.802912375563864,29.55078267897132,31.239193139470125,32.976317397483754,0
16.51726656217328,68.66011878333157,3.5887903113256514,41.77929378397893,0
17.577594438212984,48.30231376730045,34.13086106117012,63.37128710724079,0
17.56091677915545,49.973973044793034,12.096584015776479,18.820141950479602,0
18.038053870245886,70.23184359607234,35.69763162532949,23.749345111041215,0
17.776543452988204,68.47053059270587,41.12673971920984,76.60113779641644,0
27.817494896064293,89.38791955915318,40.197925377626014,22.284413916695016,0
18.637601687982897,28.987600261788767,27.625048370394456,49.74091225517382,0
21.913345666477262,27.287675456891645,26.008494615537558,50.55201266633565,0
32.935768198120236,70.70371719901189,7.143798066970586,44.27371234351713,0
24.479232805257446,60.487084190448634,38.76730752015678,55.1321674003773,0
28.351154770420543,39.19124665918641,13.570469022335718,26.08787080583329,0
18.446397424032597,25.559355829229062,24.834771140897328,48.68635874437238,0
18.845780376173416,25.996077471750137,14.213704646375835,36.0521278672828,0
15.817372325329577,82.59336122648827,6.691418149984657,56.316708174043235,0
18.37870126144329,33.430712730312,31.47788484458683,19.885648036120465,0
20.57180678063917,42.63600934808645,2.7166017411451913,49.961419178763336,0
18.540209685534936,35.86594815588916,37.43226170631,22.96892487683266,0
16.774050675141112,44.849741408235616,15.879339763055834,29.505014418052546,0
17.412717422012015,24.859668992226535,0.006734650224266003,25.309686022650826,0
24.215575360654515,56.334185363578925,25.55645696186149,22.798644590817197,0
19.12667436811585,24.73287945145504,2.3425954263801563,67.79976660924669,0
22.28539722096151,76.02495554756531,13.808477891044973,29.999529736262325,0
25.068345417097138,36.35984573373031,35.348824372785806,74.89866473051146,0
28.807896572587307,57.80083402231574,3.134481081093293,77.89485677416336,0
15.786242796821979,81.60553612930208,41.96692461780012,49.988232895596816,0
30.988207978180853,65.56141583330358,0.1909961329291554,20.010078586600848,1
27.558007789818156,57.307045058593474,12.341193460095113,36.218377036570686,0
16.635180638977438,42.70336271807629,37.04520280760357,65.84125843437498,0
32.47157248213554,43.31013391407386,15.813507486465339,35.717351008794935,0
33.417448010636264,66.86408686387331,5.094619403300676,16.09120528119521,1
16.221559197097275,89.58975528548173,18.011695940021394,48.974943764973155,0
20.537552962944076,66.3287432894565,13.519664319226276,69.15845960472242,0
31.124025595861227,59.044839215901746,42.13559510802774,65.71484710004518,0
29.965193807673167,71.14553571674722,15.667395879257157,22.258619809124728,0
18.690420387127546,52.56439285986027,39.446623588800364,57.09352300887267,0
19.186986466734204,24.209963982054965,44.593607240536734,25.4352984404953,0
22.40944205582764,59.360777111453686,21.690870978826478,25.274527418652056,0
24.690459703820427,87.03376991537661,45.4971571927196,71.18502413136295,0
27.36509543060592,32.271205965036174,18.865902698159644,27.47682669181611,0
22.378272791395446,68.3003423574466,48.20392082450541,28.427314256260782,0
24.25069432266296,34.06535820613395,4.464476226278647,10.045737353290969,0
29.94941876267513,57.50793791311569,34.350963325162134,70.94683238878623,0
15.733664057811957,26.767351475270374,24.690702022846434,65.48163692463943,0
20.048738886880415,51.52596553807296,19.382440272782354,53.91302545634746,0
29.26699171769105,72.93143302266722,31.635593937430045,62.518603475718955,0
32.904136753743984,44.330006696728745,35.19285458171656,20.643399719714424,0
25.233548842313322,66.54382071410527,0.21816348251545437,42.08265162113028,0
25.642269705306312,75.68149725528104,8.347654437359935,34.58535711441466,0
17.14344022679552,84.90244736356169,35.65230253171593,16.564356837991156,0
23.948247336469095,36.42494572988175,33.31927067891032,44.029133965044686,0
25.652345329100463,47.95211410665157,48.30237525643386,74.45177552398448,0
19.849410072694592,30.66912093312922,38.05188951253915,12.804138333548615,0
20.38486461898762,89.47384515108627,47.5386353865669,30.402263944565572,0
22.545683262092453,84.89006775470067,35.127025076740345,24.527865534399243,0
15.401423955554527,57.79699911963917,14.902610431972157,26.67026575659874,0
21.441583311663564,78.94233060634949,5.2682461125428235,73.59041863155628,0
19.22896013993089,56.467058409042956,39.09119316724678,42.76483379640031,0
21.54994704355829,63.65099816019318,32.2074610737958,42.640958905787315,0
17.395242636385024,26.238710248121162,2.4093006196648115,63.24029497186976,0
32.8105456147979,72.86892943477656,18.002523295048917,20.814454280344805,0
26.871849071080973,28.93994385446644,47.83999077421431,44.108574787003555,0
28.582046382889793,77.824734117677,25.02005728551006,40.09896498847418,0
30.783424772146766,74.741966136927,21.636456800985233,51.78374833826593,0
24.968843978581145,69.61212884200836,22.8849802579647,79.9690392275307,0
16.738405761748474,22.531226636733347,10.444136200258185,63.8614225857433,0
25.742130836370954,41.218984916173,18.43535854323976,37.8505992112199,0
26.736822360417584,38.417879893759,18.49066279935883,67.92871365918329,0
29.9087894836866,45.20954852300633,2.6177510093736203,21.949585431873615,1
23.63319092459359,26.134992273468697,38.37838142589591,12.13245804162721,0
17.551606055911275,85.5870476121744,20.82522159519395,24.31138607249911,0
20.67551811597449,58.76615684986634,41.10899434082116,33.828808927998175,0
22.2616459279727,41.38670174606165,42.51740005599477,45.74065302216919,0
27.918344826632023,47.788706195199836,10.599702734932903,53.05903983788399,0
26.41556609337824,51.30417783533849,32.86767410850643,73.74240020500952,0
22.121934517956923,62.04160333524321,23.614090208149086,45.68978066853204,0
34.730304975859596,56.09755993875484,44.00783689607425,45.08929512380106,0
27.115496387137743,84.35743812500921,10.787033958822706,13.51701068760875,0
19.74453583471989,54.78744380340812,33.89066001550221,12.443808685935666,0
17.035649452408073,89.45106103763189,30.387606112636128,48.58119733414605,0
18.057182783686642,79.59974704215671,14.76507387859164,40.672502927384116,0
19.919154567690164,34.59573600501351,6.830045182558631,68.7426276486209,0
18.213627465191113,85.14166502507413,32.58198802386383,21.247570929829163,0
18.731340481026116,28.145647851983327,36.92987290661654,11.748016348193472,0
20.70190337387694,77.22147959438341,15.7813671881675,41.43271375510881,0
18.467471905895096,46.6436305433606,32.24163020111569,26.623498972658023,0
32.935308492528506,81.45820243115486,19.75654538057516,13.473006133718622,0
16.604674913232845,80.76396830752152,35.66034416413088,60.72188007933403,0
25.490227791405093,76.41477800823348,9.960763744702655,17.811509997007324,1
23.20793653979323,75.3021305414943,44.51075013180872,52.582365000544016,0
34.647572338172125,41.32753973686285,14.370479823278986,29.67348251168224,0
17.240778043361047,25.664349813587652,18.389299387807647,22.144723524851543,0
22.95711198091483,48.208612513561306,2.9045976040174892,36.58260660435222,0
34.389408665507375,32.146716049055605,5.57561061606382,66.10120433560675,0
32.310142517879605,68.64657622317232,25.793095135616404,37.44655038332009,0
31.3414414189856,44.22698085764499,13.379633836398575,62.5538754447739,0
20.158056540898798,88.29271406019404,41.77401128710972,18.784040775940547,0
18.417751747801315,64.86804541417324,0.7346694327476921,64.09399937655553,0
28.37286439848862,77.57363945440527,18.95470243359681,26.585332743465404,0
33.587519782551716,29.276727091929388,16.867277338454635,57.4175190922211,0
26.135257860278596,80.34101375908358,0.9663815458800518,49.60470883886975,0
26.432253789397997,84.59300333593761,6.2184199500255115,75.04013020481811,0
20.599581873205683,54.09433431732551,20.682133745931765,37.112576258271986,0
30.389858663838737,62.43770564256842,24.64322922237233,14.631563218410832,0
18.74087497115047,73.53668606320969,20.214487362743455,11.340883988587704,0
21.473584728084873,32.23870390822888,26.546883920604692,67.88009926809272,0
23.508728772328336,55.17962535244097,29.756583745284075,46.731494636300255,0
25.1522075736891,47.906411944061915,0.4961910563917815,64.26708362844644,0
19.848194648301604,30.24617945135744,23.204757972675193,26.40979200080603,0
17.29673649478407,45.727409560407196,48.17496204437941,34.15586218592636,0
27.21240084883265,24.772061656984548,25.951614006477435,12.107271054792326,0
20.772611064805115,21.80683348646409,33.87711337294766,77.30446272018786,0
26.624764428452245,29.461640240837593,15.59319289584416,56.75075346905694,0
18.087254305484045,87.41805781124216,38.699568907638124,75.32435614315143,0
24.62280203709635,58.467067512651184,38.64607409380575,28.584748520035063,0
25.651788651031715,87.6075512807254,26.064802382706947,52.80245278579626,0
16.03647073644854,50.27485148310924,48.80069116396068,57.494997780484645,0
21.732085563878414,41.82712931596817,6.277510738132669,32.228479018031194,0
17.688293538779483,55.429930398817085,0.8473832444790497,69.3676464510941,0
16.267499409455354,50.76581820430371,38.5079105878548,76.30130240301735,0
34.7992046477989,27.396527898322073,40.35777686824413,71.9398582387203,0
21.44707689949446,64.85784202831444,6.0103614560288126,61.73468831575608,0
31.1974889170927,35.12267277567197,13.279141647930304,29.42252758074678,0
20.092813095275275,63.37115684284807,0.8776181683314455,29.713122947394222,0
28.630054444478585,65.51407646787074,14.665430539028234,77.43522243122266,0
30.204557197793733,30.64173971900537,38.657093695933575,10.719914715498442,0
26.912774812156886,24.29447389774677,25.898026385628945,60.12349812695011,0
24.431523771003167,74.65331102479078,17.404779658414405,59.437231378868354,0
23.23681828294537,52.18602966385241,18.586964745316514,53.58826786648582,0
21.977365330859904,24.071465685383306,0.0676812857734077,79.3076192260806,0
33.59058288495652,89.6406422018837,14.990026378261796,31.831560503460768,0
31.612388155754584,24.044639269745666,32.32293708189653,33.798030465527376,0
34.300538213330256,68.65246602009873,48.70972219081786,15.525758206258889,0
17.485944469710894,88.85752476843895,42.353041349194974,40.99586955806162,0
29.617349504072884,36.742607295114794,1.1797482322764563,28.273396836439368,1
33.76680913642076,29.95745580810373,44.928030233741964,34.037069152435095,0
18.6246613233132,28.496945759570025,39.1599206649313,68.42002531789393,0
16.32992534733555,41.22926032973169,39.01880617854902,75.4839159469247,0
29.82241298580118,27.07320677074527,22.899787950178574,23.001315040362996,0
26.489462263598238,68.45129391858924,19.90026464772514,36.07562520874261,0
31.83657553516544,24.36042586910439,15.14578644165963,75.00413934807759,0
17.79544753252579,55.65954897048528,3.284742947718289,14.326592248245584,0
30.905346237197804,89.76877976970837,11.411768174684955,16.465236967796496,0
19.032546400954892,76.97791886542132,12.33018174890123,21.395369244436054,0
18.27311885731409,63.06536067617076,24.20385348551008,51.664898388881234,0
18.285315958619858,41.43775345506282,37.3722203298347,20.533058970419823,0
31.29149440462764,63.672708540414696,23.69049141989733,77.76534670155135,0
28.303944413924,56.89290247381562,2.8922224723580303,41.27001690809642,0
25.461308495382386,49.82583687232601,47.88949004941019,45.106257224511644,0
22.17660968247005,29.149726371813962,47.13621595470561,27.266103106378456,0
32.544010816262166,82.06229506683266,39.25947715742042,42.967217670431346,0
22.84890214845271,51.484925417492576,49.56639507821103,56.33395428459081,0
31.33198878943154,33.62357582745356,27.224116640013147,62.58239958678299,0
23.78269817140437,45.74315456141027,48.138417512660304,62.77076578969391,0
22.538888588498153,48.989082677024896,3.7802520308375387,50.452377888586184,0
24.25359571339213,77.9276526896812,18.284037413068567,73.30518424957,0
21.02755748328284,71.35300663929814,11.269063400338291,67.21854931142767,0
29.952187603525022,73.85134255489379,9.7916542067135,62.99336802890378,0
25.054407801849585,20.772188510005304,7.040147444633805,13.892386517632243,1
19.644253902936345,49.130779872583304,31.120682078299833,10.481457355375452,0
32.991491465491364,53.69409061447266,39.06609278736525,24.871309403683107,0
22.67782442746423,21.343459377613968,28.914919971018033,56.44665157394166,0
25.871057222279774,38.186924612152396,7.348135479410484,38.783824221778204,0
33.12944221929094,73.22028761854945,40.55618849667354,38.16843815095182,0
27.484759918279842,29.597679401029936,31.797735358186426,71.92108217607296,0
17.337960814167282,57.47170920168141,19.408285306349775,72.68939936922871,0
33.796642472269504,35.06413104120662,33.70651477680315,73.642268483751,0
27.554161061428356,20.84845422507253,12.995248962141643,31.97146535605191,0
21.698112293141723,36.8841020319679,17.259610424710527,58.37390689174832,0
17.785441453267744,88.31116284370377,45.87429215659951,29.014322689205876,0
30.88050378540592,76.10759783180927,14.52522528357102,23.342688315211483,0
27.40145511857027,87.17036510247233,23.49941340789683,22.924272014315846,0
25.66922183952643,54.149783074845374,44.507056869800735,33.94753346045158,0
32.87785166101915,27.681533907425244,35.386067513376375,40.09703338458752,0
30.771944224490614,58.35716422815851,3.1101613082351376,68.16644197385479,0
18.033497594655024,51.80641341919726,7.365152213948517,18.392376543089846,0
21.234441355910967,79.10499579177312,0.3920795385958409,61.444809317642594,0
19.969782796289316,26.865780654897122,31.54608951145817,47.20184399325137,0
29.878925851453538,54.176879591524475,22.383671270520917,30.156173987319473,0
15.670648694715588,30.5034065285789,6.713742545113776,44.49737091729772,0
26.39779369742633,42.7273148823042,47.896706052838525,30.995944884391584,0
30.24917371481381,71.61499541714598,26.482986197280994,51.725736866681416,0
32.53531273523499,53.32126905581366,12.094664705644458,40.36907459986709,0
21.841634974318147,46.31217996020385,25.03017855773538,21.508387035521512,0
31.425146093440258,47.61333949990247,33.98101663675539,18.16081521889877,0
17.212634739104146,52.16127378841907,3.811960898678224,48.26869774504911,0
31.929045834690363,74.95115806859398,13.7351907523946,73.16891233002724,0
17.54977324663965,82.4459282258164,40.34827454419968,34.07703805903799,0
22.945745811207345,86.87342805527499,22.983243520133062,61.31000750558363,0
30.94590731559107,75.08323703787066,27.328857101614744,56.10629484578369,0
17.998348546975475,42.07848270236089,21.640800110473464,75.20884400166366,0
19.58502790465283,68.16942942605795,2.194997132150256,67.46867121093986,0
29.445051367861325,50.63221868387743,8.287488991007796,49.66236812338241,0
29.400730730921488,37.82694354322358,22.277081937094543,55.99213487638751,0
27.822952657705947,78.86101055981459,10.459273270396391,72.88705266088243,0
28.878968889342,22.68984442736275,2.4989514329839366,37.966314921085434,0
25.854488866951925,83.12333944947964,42.182483202591186,32.87562941004441,0
20.035981178139053,52.30342252373139,49.05962645820579,10.756775854463744,0
21.913919870078388,64.60410337657963,39.65714369983697,67.85857519340249,0
18.631954336028514,66.15477455440478,42.68924608523335,66.06864902823554,0
33.169011226672566,82.65824184945754,12.098856515852269,17.3118162670106,0
26.66783589532241,64.56687775170451,48.031348775659986,50.380016679289014,0
23.017028335272798,62.975350933204325,9.846285222671419,42.47871887168212,0
24.240116072882653,24.6656428392483,47.571490518091615,18.309636685637802,0
33.94566679223631,56.28856153616429,49.74096469829755,78.63977589425065,0
18.067028062321604,30.511830057192917,35.586140287302435,25.028712122434882,0
26.724596640335946,71.62036381050399,49.0571865895911,14.70639260633928,0
25.11777357768932,55.85553445688721,28.476988978355184,51.63931656513367,0
27.22908470869296,67.61594454458474,12.977089158804517,61.72066739931228,0
15.36220367641681,22.9171030421669,21.849794283281042,12.271041223303087,0
32.44247817888303,25.935441123206225,29.678046768939296,56.110234710891554,0
33.64236564967224,70.14263716438776,3.6540781013507493,47.26043131660181,0
26.30266367178418,25.045903519907135,31.117163230862303,17.22855062125339,0
28.933016477537844,24.9879709435681,49.058891838114725,22.076671386245344,0
33.449987623545915,20.84759326644212,9.505382489186381,49.75820081212564,0
29.14477268626797,86.9550978809636,39.62975581441916,30.745032945930188,0
18.050780858285226,71.62558516213048,45.39493968898097,75.68210100559213,0
26.525767203336265,44.72759859514449,47.18507964101104,67.31181606388355,0
27.13430092765712,40.75749069013587,48.00678022027236,78.84970445595641,0
23.48261342604772,44.479226082209465,26.072981936073596,28.17695872652898,0
29.728884712494455,74.22574718268274,48.865395399575185,77.88065429585839,0
33.687340295380295,66.29594277492902,37.86551035672194,40.18637088540905,0
33.51137025813553,32.96368975072276,8.083571811848095,34.326315671962824,0
24.016787428082644,32.18765347338591,23.8450053233985,13.524466887854727,0
17.264760916815106,26.88769547993781,35.9165587686002,13.693568050172184,0
34.69682397924669,66.22119037909367,12.367015790954166,58.440787916265826,0
31.777961728918683,73.50608635552152,32.03075917744437,42.05502961038195,0
17.493253624065336,38.55324998275028,33.33002395233096,25.856513822527397,0
33.416837652347446,21.466147272163898,8.134987190428294,52.97792144276629,0
32.39792724124257,25.752016723349914,28.254265622637813,27.700068277507782,0
25.376761142521442,87.75020243915213,38.581345548930386,50.43422280410958,0
26.825508714898586,40.68113442341942,24.944783226797096,35.14461228878832,0
22.980054077402606,73.84562034866934,0.6051558388053713,67.64865586282733,0
16.095232776440625,63.72644981979846,0.45192345396460887,67.44873125367455,0
21.70394483291802,46.73577477570271,17.851467198500607,43.41452786856809,0
31.057068971960227,34.398108353688855,46.3097034215891,34.55733765345109,0
15.092640460092056,28.49704927115845,11.433838980180438,35.37918575913662,0
21.669983433822885,63.05090776272066,31.718184443584356,66.40001679677525,0
22.963373871818867,74.22436464464516,11.103793534666028,32.97256379583284,0
25.74791205875846,65.07329774787914,16.08349948297743,24.63415615947922,0
33.39711232825521,57.12114932744108,42.4021044800742,15.928183931271478,0
21.926919887319226,22.93658564021454,36.443072113497344,42.66851846190859,0
21.939064037924553,87.79421443160686,4.769963865660531,43.749246924388935,0
29.750024962194967,75.90999341582022,21.43510104932168,68.8636097282035,0
24.044358817796144,40.497542569067534,1.4584881822632234,25.486708751224477,0
19.49209645879964,88.59792305511955,24.04450733015045,36.66938915678799,0
24.04879032265387,62.131711274542546,33.121700585053404,66.58840172255836,0
17.817140407595996,60.76958607450725,5.925131179907578,67.65365275242814,0
18.527739730124466,72.36512256006725,14.444246945458284,36.92277531851377,0
24.967355454789594,76.82388516630962,19.891831275107847,42.138681630067666,0
23.378508990090957,65.9535025132052,45.976551232802485,31.230012359449805,0
33.296918021362,28.966702245634004,49.662750771148204,75.27884148935185,0
22.24787798233266,43.67872541961489,2.2455649497807926,18.30506360191062,0
26.61176700556087,84.96585482282349,38.0503961747696,75.3624596101029,0
27.645285758390607,35.723092829069635,18.58620332011716,57.87065162847403,0
15.261889131766672,46.051691668625935,19.622909311474,47.210050688071185,0
28.270747440334212,50.24538180609372,37.71324866735114,12.28613425491471,0
18.560719337395028,50.758349278611654,45.921321607270436,43.29173342754058,0
34.2214063493891,62.905770774616784,47.54642972512742,38.542367350191256,0
17.973254555062258,86.01530864212953,28.856129301916038,21.28531683825858,0
23.292482474540474,36.84848982827535,17.85605796502514,55.948672245045984,0
16.706993361572877,28.505096341064267,39.377454292938964,77.98056351578,0
34.93748503691894,33.82293429019561,12.550069163115014,49.35321677451676,0
25.04390020662485,82.08474301464886,28.20370144167589,60.032729351076206,0
26.907700346400876,65.20675688586442,17.92892307624366,14.791531679621174,0
16.34152954776855,40.01347524674121,32.83155368539381,39.23668970718963,0
29.999209407983557,77.11628572780322,12.019945644675346,18.14509396151471,0
19.198111861911716,80.29589974544052,9.579647286741288,52.89570848755573,0
32.96108578881427,79.25600370831947,45.91195433377185,75.69375107499083,0
19.102792809640142,84.32485735476881,5.090184147476845,56.3244412730147,0
18.81375441327333,37.65687141213531,25.297895386746582,15.376213382009507,0
15.730993356961898,72.85293501223947,11.042639148150446,34.8266343489558,0
24.441338902199984,52.2377648091898,1.9464981662833725,48.546436560859604,0
26.29682266525233,78.9398987023043,1.8009409145713196,38.224542929327654,0
16.31417278856705,70.99434740131292,8.761088605291366,68.35508073326207,0
30.51055233390021,74.35132125498072,43.338517725300015,67.02697032969925,0
24.065776694960554,65.93132863767501,14.123937198851333,52.8281714072255,0
25.4878053865516,32.42001386287948,47.52295852876479,36.14205615928937,0
23.81525493876456,58.15188432278568,29.08111464945968,27.87354616342709,0
23.01526121750652,88.92688176671557,21.830709488438305,17.411202274919052,0
26.19280662616436,85.61716465479833,29.00444173347273,34.84283784405878,0
18.10480491861425,23.022161505790816,25.834919261313388,38.92207620454037,0
18.63856260990542,31.537037101060598,37.93881268786626,57.307604757285155,0
32.235712420270346,29.22101414181933,14.124803298642613,56.071187700830144,0
33.922309242672654,70.81859369897069,17.65251958001512,14.907569774887985,0
22.46618632559506,77.24497308998616,44.704715126662535,37.668152080181045,0
20.414893462871078,34.94579564174703,47.322825657520276,22.724520705215333,0
27.879990864780314,55.40968850662803,44.62791137432372,20.976889372176398,0
23.17468342196193,78.849211960784,20.97239969786568,67.91115048160722,0
15.507727113206897,71.29610813363755,39.01827515034408,12.934065170138027,0
18.12305194732381,57.95660438442938,23.81678666505494,39.34280131314849,0
29.31944457694795,61.3243383321141,24.87699260730511,21.774255903656275,0
28.178478838203027,55.5852382841396,10.234005452864197,71.55311509749319,0
15.54191985006967,40.828391592317445,29.556515162925823,48.99283592925246,0
19.43944323865899,59.55153950013113,9.306794887667397,26.19664454637936,0
19.62149593176143,68.22197114350635,16.57823495335969,45.16991010164635,0
28.43785487197457,81.13260411025654,42.75151008099676,61.204045179218106,0
15.394210755087283,64.54039477854737,10.353790460542761,77.06826062436036,0
17.082171639691477,73.27850759302106,3.557914258671641,25.431220297179326,0
30.998321707463788,31.20501444682011,3.450379630640815,72.03272404905417,0
18.570893241086672,52.309023209385295,47.03922602515539,75.40128799172432,0
28.054922157037495,20.653213387896532,25.34602189809173,74.14943811724464,0
19.76365562093453,37.26752051651361,20.470603590850917,54.47900498033369,0
16.988827855186905,70.85232005791033,40.543929050395924,54.087445810429536,0
19.86344381998908,89.42669659445544,41.7912963955258,38.22474432286759,0
29.44533863711318,26.942466971105112,16.60955165578023,62.667851761265155,0
32.11392936212572,48.10460211029017,34.68090287368976,47.19058128456523,0
31.604397291339833,76.00496780894116,38.55614079259433,57.420664985980615,0
22.943670592369095,34.28249442402292,32.73253434329773,39.99205326941568,0
28.361702731412922,58.85594645116004,7.579753740004969,61.20475248301973,0
19.09968590831642,71.31499072207723,43.79415417585285,67.71300623231843,0
20.862954605220267,63.118981518212536,26.954727636800435,20.25053796219713,0
32.9267163704224,33.16173142307913,14.123621318500184,68.30508009019596,0
15.26003847021472,44.87691980800176,21.261409271884695,47.82075722532151,0
16.71017061708936,74.8654249139778,1.878554519945369,69.12661363631571,0
19.157725102920544,58.79585598924116,6.3933400611208775,40.191119443871024,0
15.530644077476394,20.366072948003893,38.277337525793044,36.532833976812455,0
18.628708701795947,73.26935320196657,0.0005817377683070557,74.05425127620558,0
26.66083121939384,22.471794845816735,20.82829142411461,27.581848728388092,0
23.428491011849957,72.20136479118625,26.125509054279423,69.09486277003002,0
32.8534342215395,34.173639211566616,2.7317210000486147,43.88144007565829,0
31.34887123476882,87.06514360835662,48.653908148616644,45.98668097858818,0
21.83634703395752,45.75585259114591,11.306266562483597,31.592779704263883,0
20.188468668625852,42.88521314366554,15.209935981814043,50.1129540433311,0
22.59384816334534,30.422163523271127,15.197125612751366,32.76478373933479,0
26.805898850296153,41.39229508431504,11.520833105867496,12.748858996915661,0
20.361272816457525,81.36555332797404,0.0736911043155708,29.039902374104923,0
27.482978156982682,89.7434036339073,36.467239704399816,10.446533038461347,0
23.18823304382481,45.78166713547938,48.34227498996427,78.48483509397997,0
26.040943617039606,51.40274416681798,11.214674164252253,77.60230468738233,0
23.722530582706334,70.54496567419159,33.15235959017112,37.66087082306135,0
20.889315190838353,82.03370463255521,37.094816347935755,60.985959803775216,0
33.96906613924313,61.51310339307489,42.421268954526234,34.20642688872975,0
30.272115883195216,47.40679887244805,21.131459850680457,56.97652099601832,0
17.802263515329052,48.88352885940366,15.146545282021462,66.38010301321853,0
32.36935951795826,68.69327025477648,16.264756701151555,76.27293712845685,0
24.748623964990273,20.22527845229951,35.63106665492564,38.01485930947704,0
32.891044537881825,63.371253622188846,40.8389733252818,64.83085880692335,0
30.997105118946305,44.884510730895016,9.080698387830132,28.614991544248316,1
23.50427008938467,75.59381318939589,18.54705040788826,79.32326126555539,0
15.449386166402348,26.509344787619252,45.097009837457506,11.80387191350458,0
20.37354718769892,61.17415868638734,40.33467598473696,52.247016455078466,0
25.83268429321734,53.668102292028664,49.24292013812379,56.1654187155929,0
27.669564396522944,64.96278681336591,37.712412984104034,58.16318899518902,0
20.157753708664046,24.539751613807784,19.659760051396113,18.42713051523623,0
17.78712148145648,60.59886511996919,29.531891699731887,75.69708484311913,0
31.69860473598598,59.30392115716666,33.050712712366014,22.682829533505796,0
34.68804361407104,59.24620660913197,3.9227908158561977,53.592738226788875,0
25.513803646053717,62.24413666175184,27.224847955193255,25.587325538615946,0
18.43358571696607,67.35275560584535,35.46604142363048,31.50514919148896,0
20.44614653038738,76.34922997765389,8.366065200053018,48.25209792096871,0
15.367813530949334,38.887450408975,39.031585871277855,39.20353929952036,0
33.28597613120998,77.75345871260434,29.18863902570558,21.21579206835544,0
17.355021657802823,54.877897758441755,47.61108928487973,21.96554816945938,0
26.53032951028507,25.39407953940318,2.121114910344585,39.27013517139598,0
20.48110441374412,24.098565047078544,13.26630687777335,63.00980847928505,0
26.083560050315867,43.39668230872425,30.077693964991205,72.8575252793452,0
28.028407767037287,74.94278839780273,14.827995610296535,15.888936358156798,0
31.594836074144034,69.5376654318641,35.721208203562114,37.517273529158075,0
19.128425435212066,75.20304752706845,37.95026412609655,17.017189460601365,0
15.219916573169609,56.208833950912656,5.125798203323723,11.161473644281852,0
17.737712601376145,50.81392985688434,25.692723210338386,56.32030778507696,0
33.0003728369621,30.321676869439877,25.444527779552793,52.171460937661145,0
32.47780155125031,42.97349275265181,18.464038510777055,21.411337967042034,0
26.948262043406167,50.381355632171264,46.646243128483604,26.366898316514487,0
27.010337208673068,26.202030077573205,41.37531599366106,11.659542755116286,0
28.30073349092511,35.442836689784784,34.86046909548184,68.44630439860826,0
18.507425572468993,61.87577058446172,35.716331786749876,78.2283417233986,0
33.2882389184992,71.49641799674329,23.085807190655956,19.482167575628356,0
23.375410497841465,89.88432579750648,46.049726054828795,26.203264963570867,0
22.66277056498995,85.31793319404903,34.729771362664266,70.78866667628537,0
25.37835410565675,64.9795639674634,36.44905308279082,74.85246585693294,0
15.9393193355011,49.487363730585045,43.08454518936726,39.37391679647672,0
18.32566737512159,64.5324155295763,13.70357946710955,13.54357305883519,0
29.76067232852741,74.99561326561624,40.35354519333515,12.757428358497357,0
16.65597335850253,28.283533364637112,9.762030147824602,50.176490624830734,0
27.063042189327764,48.693342278740175,17.26709761224439,37.502657622522534,0
19.90698219362642,78.7861599944932,16.780522713492136,12.005669930435817,0
22.785912280839533,46.868306635313076,48.926273419457026,50.827667461878974,0
20.773874735413997,60.03105898590306,42.82686118739634,10.791177561231573,0
22.113454329298982,61.143855260353874,35.058493079512985,65.11603707044911,0
29.38091810368491,32.91333771935476,36.35283808076951,31.450297589236012,0
20.9424343124635,45.356480915660185,28.103639720128555,12.818060210646248,0
26.328092805937942,43.415790211935246,47.35453335542596,51.18465546882073,0
24.521008043981993,21.833769597244537,24.812937644118076,37.83790901031383,0
28.273423307252962,21.693423472394866,19.025885493494727,78.16602893500047,0
33.73659478649516,78.21879305730414,8.15176684657955,48.09390637525915,0
29.651441944205004,39.11495669809687,39.3102826130529,29.26674267259058,0
19.298807571815136,56.26551363671708,36.72219660377957,59.660720524378235,0
15.623662701225694,40.910790151214115,19.217751926206745,29.004440177989792,0
20.2452808859965,85.84754715807384,1.259670697961468,73.29703039852956,0
26.901558614005097,38.150773120604164,41.949866385900535,36.23053793551635,0
16.028516269685007,50.07597689172546,0.5708991727036816,48.49079939433437,0
24.927324944024726,81.09111753392213,35.18498898145255,13.54011726769602,0
26.936856978337786,78.93534967542661,48.512855486302854,39.82848665665615,0
21.684877816339217,33.02709924923941,21.883066407410173,68.26544777626964,0
30.418244074916437,76.18503168569973,11.748670249797637,66.39541637543394,0
17.131965062675437,52.073082071652486,35.243550502169086,25.70229911974684,0
16.502755634716173,53.80782104597486,40.85640710077926,25.825534970739387,0
29.563775124072066,29.343598069116062,27.321515803892364,67.21137185492657,0
24.90982632412397,25.642105962998727,48.35176376280731,75.12788941185279,0
28.768047928554722,70.95575148816357,2.5834360828980554,16.675264489110248,1
23.696546772074925,54.75228066487098,25.239779915226407,41.50410475983577,0
19.928040664782138,50.57954918306257,35.9226973661275,33.62179952749602,0
31.382046353483993,71.06557600566777,43.13202355745895,70.94819188202075,0
30.988317579379583,73.58590292937768,8.962780595389502,15.846744027601314,1
28.893929417088536,31.12357173685475,40.00017408818407,24.778815979062617,0
20.44290274459925,62.71576046343489,27.635353785927265,62.67278363105461,0
26.804613337381742,29.474785759437985,19.82768409949816,13.590569428685091,0
22.219477938800537,72.5962560220332,6.585751428954678,44.47747665000025,0
16.831641466532684,65.98686093869976,43.26478794544562,40.9474924275804,0
33.34627150924486,86.96302347584206,7.863660408985767,33.40808252921241,0
17.736372618379228,24.827061144949482,15.489392960454962,37.620062072324664,0
34.00474707641605,23.993830480587803,14.502276598121844,47.095841085116305,0
23.920115459159113,39.75309522852401,43.57070170954272,21.29571508718682,0
